sex,bs,n_breed,divorce,age,breed_exp,boldness,mate_boldness,year,last_bs
F,1,2,0,11,2,NA,NA,1994,1
M,0,1,0,13,2,NA,NA,1995,0
M,0.5,2,0,15,3,NA,NA,1997,1
M,0.333333333,3,0,13,3,NA,-0.05122678,1995,0
M,0.571428571,7,0,21,7,NA,0.01440164,2003,1
F,1,5,0,23,6,3.519807,NA,2005,1
F,0.5,2,0,28,8,3.519807,NA,2010,1
F,0.5,2,0,29,9,3.519807,0.5198069,2011,1
F,1,3,1,18,4,NA,NA,2000,1
F,1,2,0,20,5,NA,3.519807,2002,1
M,1,7,0,28,8,0.5198069,NA,2010,1
M,0.5,2,0,29,9,0.5198069,3.519807,2011,1
M,0,1,1,11,2,NA,0.6906681,1993,0
M,1,1,0,14,3,NA,NA,1996,1
M,0.5,2,0,15,4,NA,NA,1997,1
M,1,3,0,17,3,NA,1.224748,1999,1
F,1,3,1,18,4,NA,3.072549,2000,1
F,1,2,0,20,5,NA,NA,2002,1
M,0.666666667,3,0,18,4,NA,NA,2000,1
M,0.666666667,3,0,21,4,NA,NA,2003,1
M,1,1,1,25,5,NA,2.596457,2007,1
M,1,1,1,16,2,NA,NA,1998,1
M,0.666666667,3,1,19,4,NA,NA,2001,0
M,0.5,2,0,20,5,NA,2.07148,2002,1
F,1,2,0,12,2,NA,3.648117,1994,1
M,0.777777778,9,0,25,9,NA,3.426762,2007,1
M,0.75,4,0,15,4,NA,NA,1997,1
M,1,3,1,17,4,NA,2.347735,1999,1
F,0.75,4,0,16,4,NA,2.639392,2000,1
F,0.833333333,6,0,18,6,NA,NA,2002,0
NA,1,2,0,13,2,NA,0.9487732,1997,1
M,0.714285714,7,0,24,7,NA,NA,2008,1
M,1,1,0,16,2,NA,NA,2000,1
M,1,2,0,26,3,NA,1.255941,2010,1
M,0.833333333,6,0,21,7,NA,NA,2005,0
M,1,3,0,25,9,NA,1.255941,2009,1
M,0.875,8,0,26,8,2.347735,3.014402,2010,1
M,0.5,2,0,12,2,NA,NA,1996,0
M,0.555555556,9,0,27,9,2.948773,2.014402,2011,1
M,1,2,0,16,3,NA,NA,2000,1
M,0.5,2,0,17,4,NA,3.250362,2001,0
F,1,2,0,11,2,NA,NA,1995,1
M,0.625,8,0,26,8,NA,3.725945,2010,1
M,0.833333333,6,0,21,7,NA,NA,2005,0
M,0.75,4,0,20,4,NA,NA,2004,1
F,0.5,6,0,17,6,NA,NA,2001,0
M,1,1,0,13,2,0.1157814,NA,1997,1
M,1,4,1,22,6,0.1157814,1.880613,2006,1
M,1,3,0,26,8,0.1157814,1.994645,2010,1
M,0.4,5,0,20,6,1.93669,NA,2004,1
M,0.8,5,0,27,10,1.93669,0.4939376,2011,1
F,1,4,0,19,4,NA,0.6810683,2003,1
F,0.8,5,1,20,6,1.519807,2.004812,2004,1
F,1,1,1,22,7,1.519807,1.232309,2006,1
F,1,2,1,26,9,1.519807,2,2010,1
F,0.333333333,3,0,15,3,NA,NA,1999,0
F,1,5,0,22,5,NA,NA,2006,1
M,1,3,0,15,3,NA,3.280425,1999,1
F,0.777777778,9,0,25,9,NA,NA,2009,1
M,0.75,4,0,19,5,1.648117,NA,2003,0
M,1,1,1,22,6,1.648117,NA,2006,1
M,1,2,0,25,7,1.648117,0.1602343,2009,1
F,0.857142857,7,1,27,8,2.649439,3.109796,2011,1
M,1,3,0,23,4,0.8798374,NA,2007,1
M,1,2,1,27,6,0.8798374,0.5198069,2011,1
M,0,3,0,25,3,NA,NA,2009,0
F,0.714285714,7,1,24,8,1.763279,1.865781,2008,1
F,1,1,1,26,9,1.763279,1.175052,2010,1
F,0.75,4,0,20,5,NA,NA,2004,0
M,1,5,0,27,6,0.963028,NA,2011,1
F,0.333333333,3,0,14,3,NA,NA,1998,1
M,0.8,5,0,22,5,NA,NA,2006,0
M,0,1,1,16,2,NA,1.067314,2000,0
F,1,8,0,26,8,0.8123414,0.944433,2010,1
F,0.75,4,0,15,4,NA,NA,1999,0
F,0.666666667,3,0,15,3,NA,NA,1999,0
M,1,1,0,14,2,NA,NA,1998,1
M,0.833333333,6,0,24,7,NA,1.879837,2008,1
M,0.857142857,7,0,21,7,NA,0.3994386,2006,1
F,0.6,5,0,16,5,NA,1.290092,2001,1
M,1,5,0,20,5,NA,2.743167,2005,1
F,1,8,0,24,8,3.462843,1.639227,2009,1
F,1,2,1,15,3,NA,NA,2000,1
F,0.333333333,3,0,11,3,NA,NA,1996,0
NA,1,2,0,12,2,NA,1.653779,1997,1
M,1,1,1,15,2,NA,0.01440164,2000,1
M,1,2,0,17,3,NA,0.8623088,2002,1
F,1,2,0,10,2,NA,NA,1995,1
NA,0.75,4,0,16,4,NA,1.648117,2001,0
F,0.5,2,0,15,3,NA,NA,2000,1
F,0.333333333,3,0,20,6,NA,NA,2005,1
F,0.5,2,0,21,7,NA,2.639392,2006,1
F,0,1,0,12,2,1.880613,NA,1997,0
F,1,4,1,20,6,1.880613,0.1157814,2005,1
F,1,3,0,24,8,1.880613,2.004812,2009,1
F,1,3,0,15,3,NA,NA,2000,1
M,0.75,8,0,22,8,NA,2.897859,2007,1
M,1,1,0,15,2,NA,NA,2000,1
M,0.666666667,3,0,19,3,NA,1.109796,2004,1
F,1,5,0,22,5,NA,1.493024,2007,1
F,0.833333333,6,0,18,6,NA,NA,2003,0
F,1,4,0,20,5,NA,NA,2005,1
M,0.9,10,0,26,10,0.2988449,0.2473219,2011,1
F,0,1,0,13,2,2.032871,NA,1998,0
F,0.857142857,7,0,25,8,2.032871,0.2559408,2010,1
F,1,4,0,14,4,NA,NA,1999,1
F,0.666666667,3,0,12,3,NA,NA,1997,1
M,0.75,8,0,26,8,2.546504,3.648117,2011,1
M,1,10,0,25,10,1.79312,3.087776,2010,1
F,0.666666667,3,0,21,3,NA,NA,2006,0
NA,0.5,2,0,12,2,NA,NA,1997,0
F,1,8,0,26,8,2.072549,2.623425,2011,1
M,1,2,0,21,3,1.484405,NA,2006,1
M,1,3,0,25,5,1.484405,0.09314808,2010,1
F,0.8,10,0,26,10,3.297429,2.693279,2011,1
M,1,2,0,23,2,NA,1.003159,2008,1
M,0.8,5,0,22,6,0.9713599,NA,2007,1
M,0.75,4,0,26,9,0.9713599,3.362309,2011,1
M,0,1,0,21,2,0.5031592,NA,2006,0
M,0.75,4,0,26,5,0.5031592,0.4379688,2011,1
F,1,1,0,16,2,NA,NA,2001,1
F,0.5,4,0,20,5,NA,NA,2005,1
M,1,5,0,20,6,NA,NA,2007,1
M,0.75,4,0,20,4,NA,NA,2008,1
F,0.875,8,0,23,8,1.725945,1.873853,2011,1
NA,0.5,2,0,10,2,NA,NA,1996,1
F,1,2,0,12,2,NA,0.5198069,1998,1
NA,1,2,0,11,2,NA,NA,1997,1
F,0.75,4,0,19,5,2.98025,NA,2005,1
F,0.75,4,0,24,8,2.98025,NA,2010,0
M,1,3,0,22,4,2.648117,NA,2008,1
M,1,1,0,25,4,2.648117,NA,2011,1
M,1,5,0,21,5,NA,NA,2007,1
F,1,5,0,22,5,NA,NA,2008,1
NA,0.833333333,6,0,23,6,1.448773,NA,2009,1
M,1,1,1,14,2,NA,NA,2000,1
M,1,6,0,25,7,NA,1.653779,2011,1
M,0.6,5,0,18,6,1.290092,NA,2004,1
M,0.8,5,0,25,10,1.290092,3.072549,2011,1
M,0.5,2,1,19,3,2.067314,NA,2005,1
M,1,3,0,25,5,2.067314,0.2533622,2011,1
M,0.875,8,0,24,8,0.4585335,3.093148,2010,1
F,0.666666667,3,0,22,3,NA,2.535364,2008,0
M,0.75,4,0,15,4,NA,0.4502542,2001,1
M,0.5,6,0,24,7,2.498461,NA,2010,0
M,1,4,0,17,4,NA,0.1602343,2003,1
F,0.5,4,0,14,5,NA,1.232309,2000,1
F,0.5,2,1,16,3,NA,NA,2002,1
M,1,8,0,24,8,-0.05122678,0.4426708,2010,1
M,0.777777778,9,0,25,9,0.425052,2.729198,2011,1
M,0,1,0,12,2,2,NA,1998,0
M,1,1,1,16,3,2,2.948773,2002,1
M,1,1,1,20,4,2,1.602934,2006,1
M,1,2,0,25,5,2,1.519807,2011,1
M,0.75,4,0,16,4,NA,NA,2002,1
M,0.875,8,0,25,8,NA,0.4825872,2011,1
M,1,5,0,24,6,1.493024,NA,2010,1
M,0.5,2,0,18,2,NA,NA,2004,1
M,1,6,0,23,6,NA,NA,2009,1
M,1,5,0,18,5,NA,0.2131707,2004,1
M,0.75,4,1,17,5,1.681068,NA,2003,1
M,1,1,0,20,6,1.681068,NA,2006,1
M,1,3,0,24,8,1.681068,0.9487732,2010,1
M,1,2,0,15,3,2.519807,NA,2002,1
M,1,5,0,24,7,2.519807,3.153779,2011,1
F,0.75,4,0,17,5,NA,NA,2004,1
F,0.75,4,0,12,4,NA,-0.01974955,1999,1
M,0.5,4,0,17,4,NA,2.713582,2004,0
F,NA,1,0,20,2,NA,NA,1988,NA
F,1,1,0,23,3,NA,NA,1991,1
F,0.666666667,3,0,26,5,NA,NA,1994,1
M,0.5,4,0,15,4,NA,1.136944,2002,1
M,1,2,0,13,2,NA,NA,2000,1
F,1,1,1,13,2,NA,1.639227,2000,1
F,1,3,0,18,4,NA,2.648117,2005,1
M,1,6,0,24,6,3.368348,1.455522,2011,1
M,1,1,0,13,2,NA,NA,2000,1
M,0.5,2,0,14,3,NA,NA,2001,1
M,0,1,0,11,2,NA,NA,1998,0
M,1,5,1,23,7,NA,3.519807,2010,1
F,0.833333333,6,0,24,6,1.421274,1.956759,2011,1
F,0.714285714,7,0,23,8,1.862309,NA,2010,1
F,1,1,0,16,2,NA,NA,2003,1
M,0.875,8,0,24,8,1.873853,1.725945,2011,1
F,1,5,0,18,5,NA,NA,2005,1
M,1,5,0,18,5,NA,NA,2005,1
M,0.333333333,3,0,20,4,1.195612,NA,2007,1
M,0.25,4,0,24,7,1.195612,0.4515586,2011,0
F,1,2,0,12,2,NA,1.648117,1999,1
F,0.75,4,0,18,5,NA,NA,2005,1
F,1,1,0,22,5,NA,1.347735,2009,1
M,1,3,1,19,4,NA,NA,2006,1
F,1,4,0,18,4,NA,2.760096,2005,1
M,0.75,4,0,20,5,1.791851,NA,2007,1
M,1,3,0,24,7,1.791851,2.614806,2011,1
M,1,7,0,23,7,0.1097958,1.862309,2010,1
F,1,5,0,20,6,0.9662814,NA,2007,1
F,1,3,0,24,8,0.9662814,0.542505,2011,1
M,0.5,2,0,23,3,2.109796,NA,2010,0
F,1,3,0,17,4,2.777318,NA,2004,1
F,1,4,0,23,7,2.777318,2.109796,2010,1
M,1,1,1,20,2,NA,3.212249,2007,1
M,1,3,0,14,3,NA,2.777318,2001,1
M,1,1,1,11,2,1.922607,3.250362,1998,1
M,1,1,0,15,3,1.922607,NA,2002,1
M,1,1,1,19,4,1.922607,3.250362,2006,1
M,1,3,0,23,6,1.922607,3.109796,2010,1
M,0,2,0,11,2,NA,NA,1998,0
M,0.666666667,3,0,18,4,NA,NA,2006,0
M,0.5,2,0,21,5,NA,NA,2009,1
F,0.5,2,0,12,2,NA,NA,2000,1
M,1,4,0,19,4,NA,NA,2007,1
F,0.75,4,0,15,4,NA,1.347735,2003,1
M,0.833333333,6,0,21,6,3.483334,3.37567,2009,1
F,0.5,2,0,16,2,NA,NA,2004,1
F,1,5,0,19,5,NA,1.738147,2007,1
F,0.8,5,0,24,5,NA,NA,1992,0
F,1,2,0,13,2,NA,0.3926112,2003,1
M,0,1,0,15,2,3.220046,NA,2005,0
M,1,4,0,21,5,3.220046,3.425052,2011,1
M,1,1,0,21,2,NA,NA,1989,1
M,0,2,0,22,3,NA,NA,1990,0
F,0.666666667,3,0,13,3,NA,NA,2003,0
M,0.75,4,0,16,4,3.212249,NA,2006,1
F,0.666666667,6,0,20,6,2.397859,0.647859,2010,1
F,1,5,0,20,5,1.513279,2.821046,2010,1
M,1,4,0,18,4,2.413536,NA,2008,1
F,1,4,0,15,4,NA,1.99091,2005,1
F,0.666666667,3,0,15,4,1.690107,NA,2004,0
F,1,1,0,18,5,1.690107,NA,2007,1
F,0.333333333,3,0,21,7,1.690107,1.015978,2010,1
M,1,2,0,11,2,NA,2.055522,2000,1
M,0.857142857,7,0,21,7,0.6222456,2.340168,2010,1
M,0.75,4,0,15,4,NA,0.8921932,2004,1
M,0.833333333,6,0,24,6,NA,0.01440164,1992,1
M,1,1,0,14,2,NA,NA,2003,1
M,0,1,0,15,2,NA,2.055522,2004,0
F,0.625,8,0,21,9,3.572549,NA,2010,1
M,0.4,5,0,22,5,1.448773,3.362309,2011,1
M,1,2,0,15,3,0.1097958,NA,2004,1
M,1,4,0,21,6,0.1097958,1.623425,2010,1
F,0.666666667,6,0,20,7,1.681068,NA,2009,0
M,1,1,0,13,2,NA,NA,2002,1
M,1,2,0,15,3,NA,NA,2004,1
M,0.666666667,3,0,13,3,NA,NA,2003,1
F,0.75,4,1,15,5,NA,0.1157814,2005,0
F,1,3,0,19,7,NA,2.018001,2009,1
M,1,1,1,13,2,2.668077,1.293171,2003,1
M,0.75,4,0,19,5,2.668077,1.204226,2009,0
F,0,1,1,9,2,NA,NA,1999,0
F,0.75,4,0,14,5,NA,2.383992,2004,0
M,1,1,0,14,2,2.109796,NA,2004,1
M,1,4,0,21,5,2.109796,2.777318,2011,1
M,1,2,0,20,3,1.886693,NA,2010,1
M,0.5,2,0,21,4,1.886693,2.798154,2011,1
F,1,4,1,18,5,0.1169208,-0.1789539,2008,1
F,1,2,0,20,6,0.1169208,0.788892,2010,1
M,0.6,5,0,21,5,0.7917126,NA,2011,1
M,1,1,0,19,2,3.519807,NA,2009,1
M,1,2,0,21,3,3.519807,3.000362,2011,1
M,0.8,5,1,20,6,0.3135838,2.644375,2010,0
M,1,2,0,13,2,NA,3.109796,2003,1
M,1,2,0,17,3,0.7339003,NA,2006,1
M,1,3,0,22,5,0.7339003,1.602934,2011,1
M,0.857142857,7,0,22,7,2.098163,1.453362,2011,1
M,1,2,0,13,2,NA,NA,2002,1
F,0.75,8,0,21,8,-0.2259256,1.415381,2010,1
M,0.5,2,0,11,2,NA,NA,2000,0
F,1,3,0,16,3,NA,NA,1984,1
F,1,1,1,11,2,1.648117,NA,2001,1
F,0.75,4,0,13,4,NA,1.029859,2003,1
M,1,2,0,20,2,0.7341007,0.9956122,2010,1
M,0.666666667,6,0,20,6,2.109796,1.604627,2010,1
F,1,3,0,12,3,NA,1,2002,1
M,1,2,0,14,3,0.09089471,NA,2004,1
M,1,1,0,18,4,0.09089471,NA,2008,1
M,1,2,0,20,5,0.09089471,0.3498411,2010,1
M,1,2,0,16,3,1.322549,NA,2006,1
M,1,3,0,21,5,1.322549,0.5353644,2011,1
M,0.666666667,3,0,14,3,NA,NA,2004,0
F,0.5,2,0,11,2,NA,2.948773,2001,1
F,1,4,0,15,4,NA,NA,2005,1
M,1,2,0,16,2,NA,0.9662814,2005,1
M,0.666666667,3,0,17,3,NA,NA,2006,1
M,0.857142857,7,0,22,7,1.725945,1.798154,2011,1
M,1,2,1,13,3,3.298154,NA,2002,1
M,1,3,0,19,6,3.298154,NA,2008,1
F,0.5,2,0,9,2,NA,3.648117,1998,1
M,0.5,6,0,22,6,1.135364,1.644375,2011,0
M,1,4,0,22,4,NA,0.1537788,2011,1
F,0.857142857,7,0,21,7,1.448773,1.5,2010,1
M,1,4,0,16,4,NA,NA,2005,1
M,1,5,0,22,5,1.862309,1.961026,2011,1
F,1,6,0,21,6,2.086346,3.684725,2010,1
M,0.857142857,7,0,20,7,3.475433,1.18143,2009,1
F,1,2,1,14,3,NA,3.298154,2003,1
F,0.666666667,3,0,17,5,NA,NA,2006,1
M,1,5,0,21,5,2.934101,3.11361,2010,1
M,0.857142857,7,0,21,7,1.5,1.448773,2010,1
F,1,7,0,21,7,1.862309,0.1097958,2010,1
M,1,2,0,13,2,NA,NA,2002,1
F,0.5,2,0,11,2,NA,1.212249,2000,1
F,0.5,2,0,11,2,NA,2.527175,2000,1
M,1,1,0,22,2,NA,NA,1991,1
M,0.8,5,0,20,5,NA,NA,2010,1
M,1,1,0,16,2,NA,NA,2006,1
M,1,1,0,20,2,NA,NA,2010,1
F,1,6,0,21,6,7.61507,1.561979,2011,1
M,1,2,1,16,3,1.147859,NA,2006,1
M,1,3,0,20,5,1.147859,0.01440164,2010,1
M,0.428571429,7,0,20,7,2.347735,0.5180427,2010,1
M,1,1,0,12,2,2.948773,NA,2002,1
M,1,2,0,14,3,2.948773,NA,2004,1
M,0.8,5,0,21,5,1.644375,3.349841,2011,1
F,1,6,0,21,6,2.798154,1.519807,2011,1
F,0.8,5,0,20,5,1.086346,3.24625,2010,1
F,0,1,0,11,2,NA,NA,2001,0
M,1,6,0,19,6,1.74625,2.925052,2009,1
M,1,1,0,10,2,-0.1789539,NA,2000,1
M,1,4,1,20,6,-0.1789539,0.1169208,2010,1
M,0.333333333,3,0,21,4,0.5198069,NA,2011,0
M,1,2,1,19,3,1.392611,0.1097958,2011,1
F,0.75,4,0,16,4,NA,NA,2008,1
F,1,3,0,16,3,NA,NA,1985,1
M,0.333333333,3,0,19,3,NA,NA,1988,0
M,1,3,0,21,4,NA,NA,1990,1
M,1,1,0,26,5,NA,NA,1995,1
F,0.833333333,7,0,25,7,NA,NA,1994,1
F,0.75,4,0,15,4,3.014402,1.513279,2006,1
M,1,4,0,17,4,NA,2.513279,2008,1
F,0.666666667,3,0,18,4,3.348163,NA,2009,1
F,1,2,0,20,5,3.348163,2.567314,2011,1
F,1,2,0,14,3,NA,NA,2005,1
F,1,1,0,18,3,NA,NA,2009,1
M,0.666666667,6,0,19,6,0.647859,2.397859,2010,1
M,0.75,4,0,15,4,NA,1.440668,2006,1
F,0.75,4,0,18,5,1.440668,NA,2009,1
F,1,2,0,20,6,1.440668,0.768348,2011,1
M,0.8,5,0,19,5,0.4070109,3.171893,2010,1
F,1,2,0,16,2,NA,NA,2007,1
F,1,4,0,18,5,NA,NA,2009,1
F,0.333333333,3,0,13,3,NA,NA,2004,0
F,0.857142857,7,0,19,7,2.340168,0.6222456,2010,1
F,1,2,0,13,2,NA,0.4135356,2004,1
F,1,2,0,10,2,NA,0.09089471,2001,1
F,1,3,1,20,4,3.277168,0,2011,1
F,0.666666667,3,0,13,3,NA,NA,2004,0
M,0.8,5,0,20,5,0.4025061,3.273853,2011,1
F,1,3,0,17,3,NA,NA,2008,1
M,1,4,0,18,5,1.348163,NA,2009,1
M,1,2,0,20,6,1.348163,1.853362,2011,1
M,1,4,0,15,4,NA,NA,2006,1
M,1,3,0,19,4,2.212249,NA,2010,1
F,0.8,5,0,19,5,0.347735,1.681068,2010,1
F,0.666666667,3,0,13,3,NA,0.5148582,2004,0
F,0.857142857,7,0,20,7,3.37567,3.483334,2011,1
F,1,4,0,20,5,1.503159,NA,2011,1
F,1,7,0,20,7,1.88543,3.567314,2011,1
M,0.666666667,6,0,20,6,2.508439,0.7218985,2011,0
M,1,1,0,16,2,-0.05122678,NA,2007,1
M,1,2,0,20,3,-0.05122678,NA,2011,1
F,1,2,0,13,3,NA,NA,2004,1
M,1,7,0,20,7,3.567314,1.88543,2011,1
M,0.333333333,3,0,18,4,NA,NA,2009,0
M,1,2,0,17,2,NA,-0.005355197,2008,1
M,1,3,0,14,3,NA,1.448773,2005,1
M,0,1,0,11,2,NA,NA,2002,0
M,0.6,5,1,19,6,3,0.5725492,2010,1
F,1,1,0,11,2,1.301665,NA,2002,1
F,0.833333333,6,0,20,7,1.301665,2.738147,2011,1
M,0.666666667,3,0,13,3,NA,0.09314808,2004,1
F,0,2,0,10,2,NA,NA,2001,0
M,0,2,0,10,2,NA,NA,2001,0
M,1,4,0,18,5,1.99091,NA,2009,1
F,1,2,0,11,2,NA,3.362309,2002,1
M,1,4,0,20,4,3,NA,2011,1
F,1,6,1,20,7,2.925052,1.74625,2011,1
M,1,2,0,12,2,NA,NA,2003,1
M,0.666666667,3,0,13,3,NA,NA,2004,1
M,0,1,0,12,2,0.8798374,NA,2003,0
M,1,2,0,17,4,0.8798374,NA,2008,1
M,1,1,1,19,5,0.8798374,2.347735,2010,1
F,0.857142857,7,0,20,7,1.798154,1.725945,2011,1
F,0.75,4,0,19,5,1.313584,NA,2010,1
M,0.666666667,3,0,20,4,2.535364,NA,2011,0
M,1,6,0,19,6,1.038892,2.014402,2010,1
F,1,2,0,11,2,NA,1.886693,2002,1
F,0.666666667,3,0,13,3,NA,NA,2004,1
F,0.8,5,0,17,5,0.5892742,2.821046,2008,1
M,0.666666667,3,0,13,3,NA,NA,2004,1
M,1,2,1,16,3,0.2122494,0.1097958,2007,1
M,1,1,0,19,4,0.2122494,NA,2010,1
M,0.5,2,0,11,2,NA,1.175052,2002,1
M,1,1,1,10,2,1.293171,2.668077,2001,1
M,1,2,0,15,4,1.293171,NA,2006,1
M,1,1,0,18,5,1.293171,NA,2009,1
M,1,2,0,20,6,1.293171,1.190668,2011,1
M,1,2,0,12,2,NA,1.293171,2003,1
F,0.666666667,3,0,13,3,NA,NA,2004,1
F,0.833333333,6,0,20,6,3.149254,1.738147,2011,0
M,1,4,0,19,4,2.347735,1.865781,2010,1
M,0.8,5,0,20,5,1.863779,1.05035,2011,1
F,0.8,5,0,15,5,NA,2.635917,2006,1
F,1,6,0,20,6,3.540472,3.072549,2011,1
F,1,3,0,17,3,1.865781,2.347735,2010,1
M,0.25,4,0,15,4,NA,NA,2008,1
M,0.5,4,0,18,5,NA,NA,2010,1
M,1,1,1,19,2,1.110652,1.147859,2011,1
M,0.75,4,0,18,4,NA,2.98025,2010,0
M,1,5,0,19,5,2.003159,0.7600957,2011,1
M,1,1,0,17,2,2.567314,NA,2009,1
M,1,2,0,19,3,2.567314,3.348163,2011,1
M,1,4,0,19,4,1.141395,2.978587,2011,1
NA,0.5,2,0,18,3,NA,NA,2010,1
F,0.5,6,0,18,6,2.195602,2.059278,2010,0
F,0.666666667,6,0,18,6,1.604627,2.109796,2010,1
M,0.5,6,0,18,6,1.470046,0.441508,2010,1
F,0.8,5,0,18,5,NA,0.8605088,2010,1
M,0.5,2,0,11,2,NA,1.880613,2003,1
M,0.5,2,1,10,3,NA,0.4939376,2002,1
M,0.5,6,1,19,7,2.059278,2.195602,2011,0
F,1,2,0,10,2,NA,1.322549,2002,1
M,0.666666667,3,1,17,4,0.768348,1.335364,2009,1
M,1,2,0,19,5,0.768348,1.440668,2011,1
M,1,1,0,15,2,-0.005355197,NA,2007,1
M,0.666666667,3,0,18,4,-0.005355197,1.224748,2010,1
M,0.25,4,0,13,5,NA,NA,2005,0
M,1,2,0,11,2,NA,NA,2003,1
F,0.25,4,0,12,4,NA,NA,2004,0
F,0.8,5,0,18,5,0.1169208,0.8263576,2010,1
M,0.833333333,6,0,19,6,1.457124,2.724748,2011,1
F,0.333333333,3,0,10,3,NA,1.195612,2002,1
M,1,3,0,14,3,NA,0.4502542,2006,1
F,1,1,1,11,2,NA,NA,2003,1
F,0,1,1,13,3,NA,NA,2005,0
M,0.333333333,6,0,15,6,NA,2.271273,2007,1
F,0.666666667,3,1,14,4,1.335364,0.768348,2006,1
F,1,1,0,16,5,1.335364,NA,2008,1
F,1,1,1,19,6,1.335364,0.5856182,2011,1
M,0.5,4,0,14,4,NA,-0.05122678,2006,1
M,1,3,0,15,3,NA,1.717934,2007,1
M,1,1,0,16,2,2.826358,NA,2008,1
M,1,2,0,18,3,2.826358,2.362309,2010,1
M,0.5,4,0,13,4,NA,1.24566,2005,1
NA,1,2,0,11,2,NA,NA,2003,1
F,1,4,0,15,4,NA,NA,2007,1
M,0.666666667,3,0,12,3,1.519807,1.453766,2004,1
F,1,2,1,13,3,1.255941,NA,2005,1
F,1,3,0,19,5,1.255941,NA,2011,1
M,0.5,2,0,15,2,NA,3.519807,2007,1
F,1,3,0,12,3,NA,2.212249,2004,1
M,1,2,0,19,3,1.519807,1.684725,2011,1
M,0.5,2,0,11,2,NA,0.9487732,2003,0
M,0.75,4,0,19,5,NA,NA,2011,1
F,0.5,2,0,13,3,1.175052,NA,2005,1
F,1,1,0,16,4,1.175052,NA,2008,1
F,1,2,0,19,5,1.175052,3.322549,2011,1
F,0.666666667,3,0,14,3,NA,NA,2006,1
F,1,2,0,17,3,0.9662814,NA,2009,1
F,0,3,0,19,5,0.9662814,3.585618,2011,0
F,0.5,2,0,9,2,NA,NA,2001,1
M,0.75,4,0,18,4,1.913536,4.519807,2010,0
F,1,1,0,12,2,3.072549,NA,2004,1
F,0.8,5,0,19,6,3.072549,1.290092,2011,1
M,0.8,5,0,18,5,3.24625,1.086346,2010,1
M,0.666666667,6,0,19,6,1.831701,2.331701,2011,1
M,0.25,4,0,18,4,3.228596,2.157011,2010,1
F,1,2,0,15,3,NA,NA,2007,1
F,1,1,1,18,4,NA,1.699178,2010,1
F,0.666666667,3,1,15,4,1.05035,1.863779,2007,1
F,1,1,0,17,5,1.05035,NA,2009,1
F,1,2,0,19,6,1.05035,1.863779,2011,1
M,0.833333333,6,0,17,6,2.895716,2.038573,2009,1
F,0.833333333,6,0,19,6,0.8943436,1.046936,2011,1
M,0,1,0,11,2,0.1097958,NA,2003,0
M,1,5,0,18,6,0.1097958,1.32351,2010,1
M,1,6,0,18,6,1.524074,1.014402,2010,1
M,0.833333333,6,0,19,6,1.046936,0.8943436,2011,1
F,0.333333333,3,0,14,3,NA,0.5198069,2006,0
M,1,1,0,13,2,0.1097958,NA,2005,1
M,1,1,0,16,3,0.1097958,NA,2008,1
M,1,2,0,15,3,2.470046,NA,2007,1
M,0.666666667,3,0,18,5,2.470046,1.585466,2010,1
M,0.666666667,3,0,14,3,NA,NA,2006,1
M,0.6,5,0,19,5,0.7815171,1.720046,2011,1
M,0.5,2,0,12,2,NA,NA,2004,1
F,1,2,0,11,2,NA,NA,2003,1
M,1,4,1,18,5,0.347735,2.718764,2010,1
M,1,6,0,19,6,3.519807,3.519807,2011,1
M,1,5,0,19,5,1.443985,0.1097958,2011,1
F,0.5,4,0,13,4,NA,NA,2005,1
M,0.666666667,3,0,16,3,3.109796,NA,2008,1
M,1,1,0,15,2,3.212249,NA,2008,1
M,1,1,0,18,2,3.212249,2.798154,2011,1
M,1,2,0,11,2,NA,1.362309,2004,1
F,0.5,2,0,10,2,NA,1.513279,2003,0
M,1,1,0,12,2,NA,NA,2005,1
M,0,1,0,18,2,NA,3.250362,2011,0
M,1,3,1,15,4,1.948773,1.585466,2008,1
M,1,2,0,17,5,1.948773,2.872246,2010,1
M,0,1,1,9,2,NA,NA,2002,0
M,1,4,0,15,5,NA,2.298154,2008,1
M,0.5,2,0,13,3,1.513279,NA,2006,0
M,1,3,0,17,5,1.513279,2.147859,2010,1
M,1,3,0,15,3,NA,NA,2008,1
M,1,4,0,18,4,3.362309,NA,2011,1
M,1,5,0,18,5,NA,0.8177387,2011,1
M,0.75,4,1,16,5,NA,NA,2009,0
M,1,3,0,14,4,3.144375,NA,2007,1
M,1,2,0,18,5,3.144375,3.392611,2011,1
F,1,2,0,14,3,1.362309,NA,2007,1
F,1,3,0,18,5,1.362309,0.7981536,2011,1
F,1,3,0,11,3,NA,3.144375,2004,1
M,1,5,0,17,5,5.423472,1.224748,2010,1
M,1,1,0,18,2,NA,NA,2011,1
F,1,4,0,17,4,3.171893,0.4070109,2010,1
M,1,4,0,18,5,3.519807,1.519807,2011,1
M,0.5,2,0,11,2,NA,1.648117,2004,0
M,0.5,6,0,18,6,0.4048138,0.9085905,2011,1
F,0.5,2,0,8,2,NA,NA,2001,1
M,1,1,1,11,2,0.4502542,1.648117,2004,1
M,1,3,0,16,4,0.4502542,2.948773,2009,1
M,1,2,0,11,2,NA,NA,2004,1
F,1,3,0,14,4,0.4502542,NA,2007,1
F,0.666666667,3,0,17,6,0.4502542,0.038892,2010,1
M,0.333333333,3,0,18,3,0.1910796,1.232309,2011,0
M,0.666666667,4,0,18,4,0.8781568,NA,2011,NA
M,1,2,0,13,3,2.024074,NA,2006,1
M,1,3,0,17,5,2.024074,1.115781,2010,1
F,0.666666667,6,0,18,6,3.2277,1.648117,2011,1
M,1,3,0,16,4,0.6847249,NA,2009,1
F,1,3,0,13,3,NA,0.6847249,2006,1
M,1,1,0,11,2,1.879837,NA,2004,1
M,0.4,5,0,18,6,1.879837,0.5414841,2011,1
F,1,2,0,11,2,NA,2.470046,2004,1
M,1,4,0,17,4,-0.05122678,1.347735,2010,1
F,1,2,0,10,2,NA,0.8943436,2003,1
F,1,3,0,16,4,0.4366901,NA,2009,1
F,1,2,0,18,5,0.4366901,0.8943436,2011,1
F,0.666666667,6,0,17,6,0.6810683,1.493024,2010,1
F,0.8,5,0,17,5,NA,NA,2010,1
F,0.8,5,1,18,6,3.567314,1.313584,2011,1
M,1,2,0,11,2,NA,NA,2004,1
F,1,3,0,13,3,NA,NA,2006,1
F,0,1,0,11,2,2.448773,NA,2004,0
F,1,4,0,17,5,2.448773,-0.05122678,2010,1
F,1,2,1,14,3,NA,1.147859,2007,1
F,0.666666667,3,0,16,5,NA,0.1097958,2009,1
F,0.5,2,0,13,3,0.9487732,NA,2006,0
F,1,3,0,17,5,0.9487732,1.681068,2010,1
F,1,4,0,15,4,NA,2.413536,2008,1
F,0.75,4,0,15,4,4.519807,1.913536,2008,0
M,0.5,2,0,15,3,0.788892,NA,2008,1
M,1,2,0,17,4,0.788892,0.1169208,2010,1
M,0,2,0,12,3,1.610002,NA,2005,0
M,1,4,0,18,6,1.610002,1.17567,2011,1
M,1,1,0,14,2,0.542505,NA,2007,1
M,1,3,0,18,4,0.542505,0.9662814,2011,1
F,0.8,5,0,18,5,2.768348,1.168348,2011,1
M,1,2,0,17,2,0.4965845,1.347735,2010,1
F,1,6,0,18,6,3.519807,3.519807,2011,1
M,0.666666667,3,0,18,4,2.348163,NA,2011,1
F,1,6,0,17,6,2.014402,1.038892,2010,1
M,0.8,5,1,18,6,1.313584,3.567314,2011,1
F,1,4,0,16,4,NA,NA,2009,1
M,1,3,0,13,3,NA,NA,2006,1
F,1,4,0,15,4,1.519807,3.519807,2008,1
M,0.8,5,0,17,5,0.8605088,NA,2010,1
M,0.75,4,0,16,4,2.5,NA,2011,1
F,0.75,4,0,16,4,1.653779,0.090168,2011,0
M,0.75,4,0,16,4,0.090168,1.653779,2011,0
F,0,1,0,11,2,3.362309,NA,2007,0
F,1,1,1,15,3,3.362309,1.014402,2011,1
M,1,3,0,15,3,0.5198069,2.529282,2011,1
F,1,4,0,14,4,NA,3.296936,2010,1
F,1,3,0,14,3,3.147859,0.347735,2010,1
M,1,3,0,15,3,1.644375,2.713582,2011,1
M,1,2,0,14,2,3.450254,3.046927,2010,1
F,1,3,0,15,3,2.840942,4.190668,2011,1
F,1,3,0,15,3,2.798154,1.99566,2011,1
F,0.666666667,3,0,12,3,NA,3.109796,2008,1
M,0.5,2,0,14,2,0.5,NA,2010,1
M,1,3,0,15,3,0.7981536,1.362309,2011,1
M,1,1,1,14,2,2.235073,1.168348,2010,1
M,0.75,4,0,15,4,0.6173666,0.5198069,2011,1
M,0.5,2,0,10,2,NA,1.016508,2006,1
F,0.5,2,0,11,2,NA,0.4487732,2007,0
F,1,4,0,13,4,1.913536,3.365845,2009,1
M,1,3,0,13,3,2.018001,NA,2009,1
F,1,3,0,13,3,1.17567,1.610002,2009,1
M,1,2,0,17,3,3.362309,NA,2000,1
M,1,2,0,22,5,3.362309,NA,2005,1
M,1,2,0,27,6,3.362309,0.8623088,2010,1
F,1,3,0,13,3,NA,0.5673144,2007,1
F,0.833333333,6,0,17,6,2.724748,1.457124,2011,1
F,1,2,0,10,2,NA,NA,2004,1
F,0.5,2,0,15,3,1.880613,NA,2009,1
F,1,1,0,17,3,1.880613,0.6847249,2011,1
M,1,3,0,16,3,0.8263576,1.116921,2010,1
F,0.8,5,0,16,5,3.109796,4.109796,2010,1
M,1,3,0,16,3,0.9135356,-0.1490362,2010,1
F,1,1,0,13,2,0.69982,NA,2007,1
F,1,3,0,17,4,0.69982,2.298154,2011,1
F,0.5,2,0,11,2,NA,1.811469,2005,0
F,0.5,6,0,16,6,0.441508,1.470046,2010,1
F,0,1,0,10,2,1.519807,NA,2004,0
F,1,3,0,14,4,1.519807,1.348163,2008,1
M,1,2,0,17,2,0.5713599,1.519807,2011,1
M,1,3,0,17,4,0.5673144,NA,2011,1
F,0,1,0,11,2,NA,NA,2005,0
F,1,2,0,13,3,NA,1.404814,2007,1
F,1,3,0,16,4,1.717934,NA,2010,1
M,1,3,0,16,3,0.4930243,0.8623088,2010,1
F,1,4,0,17,4,1.519807,1.798154,2011,1
F,0.8,5,0,16,5,1.559293,0.290092,2010,1
M,1,3,0,17,3,1.623425,1.453766,2011,1
M,0.666666667,3,0,17,3,0.1097958,NA,2011,1
F,0.75,4,0,16,4,1.948773,0.9487732,2010,1
M,1,4,0,16,4,3.347735,1.159691,2010,1
M,1,2,0,17,2,2.003159,0.2131707,2011,1
M,1,4,0,16,4,3.296936,NA,2010,1
NA,0,2,0,10,2,NA,1.610002,2004,0
M,1,3,0,17,3,0.7259445,3.5844,2011,1
F,0.5,2,0,10,2,NA,NA,2004,1
M,1,1,1,14,2,NA,NA,2008,1
M,1,1,1,14,2,1.681068,1.699178,2008,1
M,1,2,0,16,3,1.681068,1.115781,2010,1
M,1,1,0,12,2,NA,NA,2006,1
M,1,3,0,16,4,NA,4.519807,2010,1
M,1,2,1,17,3,0.1097958,3.000362,2011,1
F,0.5,2,0,12,2,NA,0.5,2006,1
M,0.4,5,0,16,6,0.1097958,2.109796,2010,1
M,0.5,2,0,13,2,NA,NA,2007,1
F,1,4,0,14,4,NA,3.362309,2008,1
F,1,5,0,17,5,0.8177387,NA,2011,1
F,0.25,4,0,14,4,NA,NA,2008,1
F,1,3,0,12,3,NA,NA,2006,1
M,1,4,0,17,4,0.4025061,2.49566,2011,1
F,0.5,2,0,11,2,NA,0.788892,2005,1
M,1,1,0,14,2,3.085618,NA,2008,1
M,0,2,0,15,3,3.085618,0.9135356,2009,0
M,0,1,0,13,2,1.684725,NA,2007,0
M,1,2,0,15,3,1.684725,0.5198069,2009,1
M,1,4,0,15,4,1.113779,3.684725,2009,1
M,1,3,0,15,3,2.4085,1.136944,2009,1
F,1,3,0,17,3,3.402506,2.899439,2011,1
M,0.666666667,3,0,16,3,1.880613,2.948773,2010,1
M,1,1,0,13,2,NA,NA,2007,1
M,0.5,2,0,15,3,NA,0.8626149,2009,1
M,0.25,4,0,16,4,0.1097958,2.298154,2010,1
M,1,2,0,17,3,3.503159,NA,2011,1
F,0.5,4,0,14,5,NA,NA,2008,0
F,1,2,0,16,6,NA,2.821046,2010,1
F,1,3,1,13,4,1.585466,1.948773,2007,1
F,0.666666667,3,0,16,6,1.585466,2.470046,2010,1
M,1,3,0,16,3,0.347735,1.876094,2010,1
F,1,4,0,15,4,3.684725,1.113779,2009,1
F,0.333333333,3,0,9,3,NA,0.5198069,2000,1
M,0.5,2,0,16,3,2.442671,NA,2011,1
M,1,4,0,16,4,2.673177,2.725945,2011,1
F,1,3,0,15,3,2.290092,4.519807,2010,1
M,1,4,0,15,4,0.2632786,0.4502542,2010,1
F,1,5,0,15,5,1.32351,0.1097958,2010,1
M,0.666666667,3,0,16,4,1.168348,1.699178,2011,1
M,1,4,0,16,4,2.757511,1.867799,2011,1
F,1,4,0,16,4,2.49566,0.4025061,2011,1
M,0.666666667,3,0,16,3,1.629695,NA,2011,0
M,1,3,0,15,3,1.648117,NA,2010,1
M,1,4,0,16,4,0.897859,1.615781,2011,1
M,1,3,0,15,3,3.648117,NA,2010,1
M,1,2,0,14,2,3.362309,2.862309,2009,1
M,0.5,2,0,13,3,1.811469,NA,2008,0
M,1,2,0,15,4,1.811469,3.519807,2010,1
NA,0.5,2,0,9,2,NA,NA,2004,1
M,1,2,0,14,2,2.120932,NA,2010,1
M,0.75,4,0,15,4,0.3994386,3.067314,2011,1
F,0.666666667,6,0,15,6,2.331701,1.831701,2011,1
M,1,4,0,16,4,1.448773,2.450254,2011,1
M,1,1,0,14,2,1.500362,NA,2009,1
M,1,2,0,16,3,1.500362,2.519807,2011,1
F,0.5,4,0,16,4,1.474748,2.115781,2011,0
M,0.333333333,3,0,15,4,4.109796,NA,2010,1
M,1,1,0,13,2,0.4123414,NA,2008,1
M,1,2,0,15,3,0.4123414,1.24566,2010,1
M,0.5,2,0,11,2,NA,NA,2006,0
F,1,2,0,12,2,1.684725,1.519807,2007,1
M,0.8,5,0,15,5,0.290092,1.559293,2010,1
M,0.666666667,3,0,16,3,1.116921,0.7910796,2011,0
F,0.75,4,0,14,4,2.848163,2.848163,2011,1
F,0.75,4,0,12,4,NA,2.5,2009,1
F,1,2,0,12,2,NA,2.120932,2009,1
F,1,3,0,13,3,2.147859,1.513279,2010,1
M,1,1,0,14,2,0.9567587,NA,2011,1
M,0.5,2,0,14,2,1.648117,1.975121,2011,0
M,1,1,1,12,2,0.6481172,NA,2009,1
M,1,2,0,14,3,0.6481172,2.546936,2011,1
F,1,2,0,14,2,3.519807,1.630958,2011,1
M,1,3,0,13,3,0.347735,3.147859,2010,1
F,1,3,0,13,3,0.9487732,1.826358,2010,1
F,1,1,0,12,2,0.8225492,NA,2009,1
F,1,2,0,14,3,0.8225492,3.144375,2011,1
M,0.333333333,3,0,14,3,1.826358,3.116921,2011,0
M,0.75,4,0,14,4,2.848163,2.848163,2011,1
F,1,2,0,13,2,NA,1.648117,2010,1
F,1,3,0,13,3,NA,3.648117,2010,1
F,0.666666667,3,0,14,3,NA,1.629695,2011,0
M,1,2,0,13,2,0.8210461,NA,2010,1
F,0.75,4,0,14,4,0.9700464,2.383992,2011,1
M,0.5,2,0,12,2,0.6847249,1.010073,2009,1
M,0.5,2,0,13,2,0.8210461,1.684725,2010,1
M,1,2,0,13,2,2.109796,0.6110794,2010,1
F,0.75,4,0,13,4,1.290092,0.1097958,2010,1
F,0.666666667,3,0,14,3,0.7910796,1.116921,2011,0
F,0.666666667,3,0,12,3,NA,2.552097,2009,1
F,0.75,4,0,14,4,0.8493804,3.308484,2011,1
M,1,2,0,13,2,2.014402,3.014402,2010,1
F,0.666666667,3,0,13,3,1.340168,3.372246,2010,1
M,0,2,0,13,3,1.681068,NA,2010,0
F,0.5,4,0,13,4,1.347735,0.2259662,2010,1
M,0.333333333,3,0,14,3,2.118481,1.826331,2011,0
F,1,3,0,14,3,0.5353644,1.322549,2011,1
M,0,1,0,14,2,0.5198069,NA,2011,0
M,0.5,4,0,14,4,0.1926708,1.798154,2011,0
F,1,3,1,14,4,0.6204323,2.212249,2011,1
M,1,1,1,12,2,0.5856182,3.038892,2009,1
M,1,2,0,14,3,0.5856182,3.684725,2011,1
M,1,2,0,13,2,0.8533622,1.490959,2010,1
F,0.75,4,0,13,4,0.6157814,NA,2010,1
M,1,2,0,13,2,0.9487732,0.4781361,2010,1
M,0.75,4,0,14,4,0.7100663,1.153274,2011,1
M,0.666666667,3,0,14,3,0.1169208,1.365781,2011,0
F,1,3,0,13,3,1.014402,0.2904716,2010,1
M,1,4,0,14,4,0.9175876,2.055522,2011,1
F,0.75,4,0,14,4,1.153274,0.7100663,2011,1
M,1,2,0,21,3,NA,NA,1990,1
M,0.727272727,11,0,40,13,NA,3.109796,2009,0
M,0,1,1,12,2,1.602304,1.487665,2010,0
F,0.666666667,3,0,13,3,0.5198069,0.5198069,2011,1
F,1,3,0,12,3,1.994645,0.1157814,2010,1
F,1,2,0,11,2,NA,-0.05122678,2009,1
M,1,2,1,12,3,1.490959,0.8533622,2010,1
F,0.5,4,0,13,4,1.798154,0.1926708,2011,0
M,0.666666667,3,0,13,3,1.056088,2.675052,2011,1
F,0.75,4,0,13,4,2.816103,1.575248,2011,1
M,0.666666667,3,0,13,4,2.552097,NA,2011,1
M,1,2,0,13,2,2.053362,3.426762,2011,1
F,1,2,0,13,2,3.426762,2.053362,2011,1
F,0,2,0,10,2,NA,1.681068,2008,0
F,0.666666667,3,0,12,3,2.948773,1.880613,2010,1
F,0.75,4,0,13,4,3.308484,0.8493804,2011,1
F,0.666666667,3,0,13,3,1.030794,0.9084386,2011,1
M,1,2,0,13,2,2.484405,4.003159,2011,1
M,0,1,1,11,2,1.114251,1.470046,2009,0
M,0,1,0,12,2,1.114251,3.280425,2010,0
M,1,2,0,13,2,2.085618,0.5856182,2011,1
M,0.666666667,3,0,13,3,3.217934,2.484405,2011,1
M,0.666666667,3,0,13,3,2.822549,2.290092,2011,1
M,1,2,0,13,2,3.093429,1.925052,2011,1
M,0.666666667,3,0,13,3,2.098163,3.426762,2011,1
M,0.5,2,0,13,2,3.519807,3.519807,2011,1
F,1,2,0,12,2,3.413536,NA,2010,1
F,0.333333333,3,0,13,3,3.116921,1.826358,2011,0
M,1,2,0,12,2,2.788892,1.948773,2010,1
M,0.5,4,0,13,4,3.287948,1.5,2011,0
F,1,2,0,12,2,1.115781,1.681068,2010,1
M,1,2,0,11,2,2.109796,2.862309,2009,1
M,0.5,2,0,13,2,1.110652,3.250362,2011,0
M,0.5,2,0,13,2,2.774074,1.115781,2011,0
M,1,2,0,11,2,2.684725,0.8921932,2009,1
M,0.5,2,0,13,2,2.233231,0.6148065,2011,1
M,0.5,2,0,13,2,2.541484,1.979198,2011,0
F,1,2,0,13,2,3.34938,3.368348,2011,1
F,1,3,0,12,3,3.463582,3.109796,2010,1
M,1,3,0,12,3,0.2131707,0.1097958,2010,1
M,0.333333333,3,0,13,3,1.076617,NA,2011,0
M,1,2,0,12,2,1.212249,NA,2010,1
M,0.75,4,0,13,4,3.761093,3.684725,2011,1
F,0.75,4,0,13,4,3.684725,3.761093,2011,1
M,1,1,1,11,2,3.368348,2.97567,2009,1
M,1,2,0,13,3,3.368348,3.34938,2011,1
M,1,3,0,12,3,3.109796,3.463582,2010,1
F,0.333333333,3,0,12,3,NA,1.076617,2010,0
F,1,2,0,13,2,NA,3.050659,2011,1
F,0.4,5,0,20,6,NA,NA,2002,0
F,0.5,2,0,24,8,NA,NA,2006,1
F,0.666666667,4,0,29,11,NA,0.8781568,2011,NA
M,0.625,8,1,27,9,NA,NA,2004,1
M,1,2,0,34,10,NA,NA,2011,1
F,0.666666667,3,0,18,4,NA,NA,1991,0
F,0.625,8,0,37,12,NA,NA,2010,1
M,1,1,0,16,2,NA,NA,1999,1
M,0.5,4,0,21,5,NA,NA,2004,0
F,0.8,10,0,30,10,3.684725,2.291591,2009,1
M,0.5,2,1,17,3,NA,3.109796,1996,1
M,0.75,4,0,22,6,NA,0.5198069,2001,0
F,1,5,0,27,6,1.653779,NA,2007,1
F,1,3,0,31,8,1.653779,3.519807,2011,1
F,0.5,4,0,14,5,1.24566,NA,2008,1
F,1,2,0,17,6,1.24566,0.4123414,2011,1
F,0.583333333,12,0,27,12,NA,NA,2003,0
F,0.769230769,13,0,31,13,3.093148,0.1097958,2010,1
F,1,2,0,10,2,NA,2.024074,2003,1
F,0.875,8,0,26,8,NA,NA,2004,1
M,0.5,2,0,11,2,2.152979,3.147489,2010,1
M,1,1,0,12,2,0.7381471,1.404814,2011,1
M,0.666666667,3,0,12,3,2.315364,1.093429,2011,1
M,0.5,2,0,12,2,0.9868966,2.359329,2011,1
F,1,2,0,12,2,1.853362,1.348163,2011,1
F,0.666666667,3,0,12,3,1.093429,2.315364,2011,1
F,1,3,0,12,3,1.725945,1.690668,2011,1
F,1,2,0,11,2,0.288892,0.2904716,2010,1
F,1,1,0,12,2,2.905385,0.5198069,2011,1
F,0,1,0,11,2,2.014402,NA,2010,0
F,1,3,0,13,3,1.867799,2.757511,2009,1
M,0,2,0,11,2,NA,1.190668,2007,0
F,1,4,0,15,4,1.615781,0.897859,2011,1
M,1,2,0,14,2,NA,3.413536,2010,1
F,0,1,1,13,2,NA,3.109796,2009,0
F,0.4,5,0,14,5,2.109796,0.1097958,2010,1
M,1,3,0,14,3,1.826358,0.9487732,2010,1
M,1,1,0,13,2,3.144375,NA,2009,1
M,1,2,0,15,3,3.144375,0.8225492,2011,1
F,1,2,1,15,3,2.862309,3.362309,2011,1
M,0.333333333,3,0,14,3,2.821046,NA,2010,0
F,0.333333333,3,0,14,3,NA,2.821046,2010,0
M,0.666666667,3,0,15,3,2.798154,1.49566,2011,1
M,0.5,2,0,13,3,3.050659,NA,2009,1
M,1,2,0,15,4,3.050659,NA,2011,1
M,0.692307692,13,0,32,13,1.256826,0.4502542,2010,1
M,0.75,4,0,20,5,NA,NA,1998,1
F,1,2,0,13,2,2.014402,1.027204,2010,1
F,0.666666667,3,0,14,3,1.046927,0.1919811,2010,1
M,0.75,4,0,14,4,NA,0.6157814,2010,1
F,0.666666667,3,0,14,3,1.224748,-0.005355197,2010,1
F,1,3,0,14,3,0.8623088,0.4930243,2010,1
M,1,3,0,15,3,1.690668,1.725945,2011,1
M,0.666666667,3,0,14,3,3.372246,1.340168,2010,1
M,1,2,0,15,2,1.897429,2.397859,2011,1
F,1,3,0,14,3,0.8263576,2.724748,2010,1
F,0.8,5,0,15,5,3.273853,0.4025061,2011,1
M,0.75,4,0,15,4,1.575248,2.816103,2011,1
M,1,2,1,14,3,1.255941,0.444433,2010,1
F,1,4,0,14,4,2.450254,1.448773,2010,1
M,1,1,0,12,2,1.865781,NA,2008,1
M,1,2,0,14,3,1.865781,-0.05122678,2010,1
M,1,3,0,14,3,2.724748,0.8263576,2010,1
M,1,1,1,14,2,0.5465041,NA,1995,1
M,1,1,0,17,3,0.5465041,NA,1998,1
M,1,1,0,20,4,0.5465041,NA,2001,1
M,1,6,0,30,9,0.5465041,0.5198069,2011,1
M,0.8,5,0,26,5,NA,0.5414841,2006,1
F,1,2,0,12,2,0.5856182,2.085618,2011,1
F,0.5,2,0,12,2,3.109796,NA,2011,1
M,0.5,6,0,20,7,NA,NA,2003,0
M,0,1,0,24,7,NA,NA,2007,0
F,1,1,1,11,2,1.347735,3.212249,2010,1
F,0.666666667,3,0,12,3,1.49566,2.798154,2011,1
F,0.5,4,0,12,4,1.5,3.287948,2011,0
F,1,2,0,11,2,2.872246,1.948773,2010,1
F,1,2,0,13,2,2.005187,3.159691,2010,1
M,0,2,0,14,2,1.425052,2.193842,2011,0
F,1,3,0,13,3,0.1097958,0.2131707,2010,1
F,1,3,1,13,4,1.948773,1.681068,2010,1
F,1,3,0,13,3,1.876094,0.347735,2010,1
F,0.75,4,0,14,4,3.067314,0.3994386,2011,1
F,0.5,4,0,14,4,0.6847249,3.129668,2011,1
M,0.333333333,3,0,16,4,1.212249,NA,1997,0
M,0,1,1,17,5,1.212249,NA,1998,0
M,0.5,2,0,22,7,1.212249,NA,2003,1
M,1,3,0,30,9,1.212249,2.067314,2011,1
F,0.5,2,0,14,3,NA,NA,1999,0
F,1,2,0,16,4,NA,0.4781361,2001,1
M,0.8,10,0,27,10,NA,0.8623088,2003,1
F,0.5,2,0,10,2,1.010073,0.6847249,2009,1
F,0.666666667,3,0,12,3,2.484405,3.217934,2011,1
F,0.666666667,3,0,12,3,2.290092,2.822549,2011,1
M,1,2,0,12,2,2.956759,1.572549,2011,1
F,0.5,2,0,12,2,1.975121,1.648117,2011,0
F,1,2,0,12,2,1.572549,2.956759,2011,1
F,0.666666667,3,0,14,3,1.130843,0.768348,2011,1
M,0.666666667,3,0,14,3,0.768348,1.130843,2011,1
F,1,3,0,13,3,1.115781,2.024074,2010,1
M,1,2,0,14,2,3.684725,3.085618,2011,1
M,0.5,2,0,13,2,NA,3.109796,2010,1
M,1,2,0,12,2,1.098163,1.31361,2011,1
M,0.333333333,3,1,15,4,NA,2.193842,1997,1
M,1,1,1,17,5,NA,1.448773,1999,1
F,0.666666667,3,0,12,3,3.426762,2.098163,2011,1
NA,1,2,0,15,2,2.426762,0.7187638,2011,1
M,0.666666667,3,0,15,3,2.519807,0.6351887,2011,1
F,0.333333333,3,0,11,3,NA,4.109796,2007,1
F,0.666666667,3,0,15,3,0.6351887,2.519807,2011,1
F,1,1,1,10,2,3.585618,2.790472,2009,1
F,0,3,0,12,4,3.585618,0.9662814,2011,0
F,1,1,1,12,2,2.144375,3.322549,2011,1
F,1,1,1,10,2,2.97567,3.368348,2009,1
F,1,2,0,12,3,2.97567,1.777924,2011,1
F,1,5,0,20,5,2.350964,0.1789539,2010,1
M,0.888888889,9,0,28,9,1.653779,2.76995,2011,1
M,1,11,0,33,12,3.585618,3.684725,2011,1
M,1,5,0,29,5,NA,NA,2001,1
F,0.75,4,0,20,5,3.250362,NA,2000,1
F,0.5,2,0,22,7,3.250362,NA,2002,0
F,1,1,1,24,8,3.250362,1.922607,2004,1
F,1,1,1,25,9,3.250362,NA,2005,1
F,0,1,1,26,10,3.250362,NA,2006,0
F,1,1,1,29,11,3.250362,NA,2009,1
F,0.5,2,0,31,12,3.250362,1.110652,2011,0
F,1,6,0,30,7,0.6234254,NA,2006,1
F,0.5,4,0,34,10,0.6234254,1.237665,2010,1
F,0.916666667,12,0,31,12,3.250362,0.3272511,2011,1
F,0.909090909,11,0,32,12,0.5198069,1.144952,2011,1
M,0,1,1,8,2,NA,NA,1989,0
M,0.666666667,6,0,20,8,NA,NA,2001,1
M,0.5,4,0,27,11,NA,NA,2008,1
M,0.5,2,0,16,3,NA,NA,1996,1
M,0.857142857,7,0,27,9,NA,0.1097958,2007,1
M,0.909090909,11,1,32,12,1.144952,0.5198069,2010,1
M,0,2,0,33,13,1.144952,3.519807,2011,0
M,1,2,0,11,2,1.630958,3.519807,2011,1
F,0.5,2,0,11,2,3.519807,3.519807,2011,1
F,1,2,0,11,2,1.31361,1.098163,2011,1
F,0.5,2,0,11,2,1.115781,2.774074,2011,0
F,0.5,2,0,11,2,1.979198,2.541484,2011,0
M,0.5,2,0,11,2,0.1734724,1.750362,2011,0
F,1,2,0,10,2,0.9956122,0.7341007,2010,1
F,0,1,1,10,2,1.470046,1.114251,2010,0
F,1,2,0,11,2,4.003159,2.484405,2011,1
F,0.666666667,3,0,11,3,2.675052,1.056088,2011,1
F,0.333333333,3,0,11,3,1.826331,2.118481,2011,0
M,1,2,0,10,2,3.159691,2.005187,2010,1
F,1,2,0,10,2,3.014402,2.014402,2010,1
M,0,2,0,11,2,1.236337,2.798154,2011,0
F,0.5,2,0,10,2,1.684725,0.8210461,2010,1
M,0.5,2,0,11,2,0.8901073,3.298154,2011,0
M,0.666666667,3,0,14,3,NA,1.690107,2002,0
F,1,2,0,15,3,3.212249,NA,2002,1
F,1,4,0,24,7,3.212249,NA,2011,1
F,0.8,5,0,20,6,2.026436,NA,1996,1
F,0,1,0,22,7,2.026436,NA,1998,0
F,1,5,1,34,12,2.026436,NA,2010,1
F,0,3,0,16,4,NA,NA,2000,0
F,1,4,0,22,7,NA,3,2006,1
M,1,1,0,14,2,NA,NA,1990,1
M,0.571428571,7,0,28,8,NA,NA,2004,0
F,1,1,0,11,2,0.5198069,NA,2000,1
F,1,1,1,14,3,0.5198069,1.093148,2003,1
F,0.75,4,0,19,6,0.5198069,-0.1057682,2008,1
F,0.666666667,3,1,21,4,NA,1.684725,2001,1
F,0.75,4,0,26,7,NA,NA,2006,1
F,1,4,0,18,4,NA,0.1097958,2002,1
F,0.666666667,9,1,33,10,3.090168,0.8210461,2006,1
F,1,2,0,37,11,3.090168,0.8623088,2010,1
F,1,1,0,15,2,1.822549,NA,1996,1
F,1,7,0,30,9,1.822549,0.5198069,2011,1
F,1,2,0,10,2,1.925052,3.093429,2011,1
F,0.5,2,0,9,2,3.147489,2.152979,2010,1
F,0.5,2,0,10,2,0.6148065,2.233231,2011,1
F,1,2,0,10,2,3.684725,0.5856182,2011,1
M,1,1,0,17,2,NA,NA,1988,1
M,1,3,0,24,5,NA,NA,1995,1
M,0.5,2,0,31,7,NA,NA,2002,0
F,0.75,4,0,19,5,3.361026,NA,2000,1
F,0.5,8,0,30,12,3.361026,1.067314,2011,1
F,0,2,0,10,2,2.798154,1.236337,2011,0
M,0.5,2,0,10,2,3.221898,2.484405,2011,1
F,1,1,1,10,2,3.220046,2.695602,2011,1
M,0.75,8,0,30,8,1.865781,1.763279,2010,1
M,0,1,0,11,2,1.972619,NA,1992,0
M,1,5,0,22,7,1.972619,NA,2003,1
M,1,2,1,26,9,1.972619,3.585618,2007,1
M,1,3,0,30,11,1.972619,2.218257,2011,1
M,1,3,1,19,4,-0.1057682,1.224748,2003,1
M,0.75,4,0,27,8,-0.1057682,0.5198069,2011,1
M,0.583333333,12,0,30,12,1.395612,1.397859,2010,1
M,0.666666667,12,0,32,12,NA,0.5031592,2010,1
F,1,2,0,36,2,NA,0.3623088,2005,1
M,0.75,8,1,27,9,0.3225492,2.218257,2008,1
M,1,2,0,29,10,0.3225492,3.585618,2010,1
M,0.8,5,0,21,6,2.635917,NA,2009,1
M,0.5,2,0,22,7,2.635917,0.4487732,2010,1
M,0.714285714,7,0,22,7,1.519807,3.503159,2008,0
F,0.5,6,0,22,7,NA,NA,2001,1
F,1,2,0,24,8,NA,NA,2003,1
F,0.666666667,3,0,17,4,3.038892,NA,2003,1
F,1,2,0,22,6,3.038892,NA,2008,1
F,1,1,1,24,7,3.038892,1.049124,2010,1
M,0.5,2,0,16,3,2.693279,NA,1995,0
M,0.8,10,0,32,12,2.693279,3.297429,2011,1
M,1,5,1,27,6,NA,0.6009638,2001,1
M,1,2,0,32,7,NA,NA,2006,1
F,0,1,1,10,2,2.347735,NA,1992,0
F,1,3,1,16,5,2.347735,NA,1998,1
F,1,2,1,20,7,2.347735,NA,2002,1
F,0.833333333,6,0,28,12,2.347735,0.1169208,2010,0
F,0.6,5,0,24,6,1.053362,NA,2007,0
F,1,3,0,28,8,1.053362,1.913536,2011,1
F,1,6,0,22,6,NA,0.963028,2007,1
F,0.714285714,9,1,29,10,2.585618,NA,1994,1
F,0.545454545,11,0,46,20,2.585618,1.085618,2011,1
M,0.666666667,3,0,15,4,4.519807,NA,1994,1
M,0.714285714,7,0,27,11,4.519807,NA,2006,0
M,1,3,0,31,13,4.519807,2.290092,2010,1
M,0.333333333,3,0,17,4,3.519807,NA,1991,0
M,0,1,0,19,5,3.519807,NA,1993,0
M,1,1,0,21,6,3.519807,NA,1995,1
M,1,8,0,37,13,3.519807,3,2011,1
M,1,7,0,25,7,NA,3.5844,2003,1
F,0.818181818,11,0,32,11,NA,NA,2007,1
F,0.909090909,11,0,30,11,1.759514,1.744696,2011,1
M,1,1,0,22,2,NA,NA,2002,1
M,0.666666667,3,0,31,4,NA,NA,2011,1
F,1,5,0,20,6,3.298154,NA,1999,1
F,1,1,1,22,7,3.298154,1.763279,2001,1
F,0.8,5,0,32,12,3.298154,NA,2011,1
M,0.5,2,1,19,3,0.840168,1.085618,1998,1
M,0.714285714,7,0,31,9,0.840168,-0.05122678,2010,1
F,0.875,8,0,26,9,0.4930243,NA,2010,1
F,1,3,0,19,4,2.067314,NA,2003,1
F,1,3,0,23,6,2.067314,1.212249,2007,1
M,1,4,0,20,5,0.7981536,NA,2007,1
M,0.666666667,3,0,24,7,0.7981536,1.879837,2011,1
M,1,9,0,25,9,3.668077,1.668077,2009,1
F,0.857142857,7,0,21,7,4.519807,NA,2010,1
F,0.75,12,0,33,12,4.519807,NA,2010,1
F,1,3,0,21,4,NA,NA,2001,1
F,1,2,0,23,5,NA,0.9487732,2003,1
F,0,1,1,18,2,2.205531,NA,1999,0
F,1,4,0,27,6,2.205531,NA,2008,1
F,1,2,0,29,7,2.205531,0.347735,2010,1
F,0.411764706,17,0,35,17,1.109796,0.7981536,2011,0
F,1,9,0,26,9,1.668077,3.668077,2009,1
F,0.714285714,7,0,20,7,NA,4.519807,2004,0
M,1,2,0,16,3,0.8263576,NA,2003,1
M,0.8,5,0,23,7,0.8263576,0.1169208,2010,1
F,0.666666667,6,1,19,7,NA,1.190668,2003,1
F,0.5,2,0,20,8,NA,NA,2004,1
M,0.666666667,6,1,21,7,1.34938,NA,2000,1
M,0.714285714,7,1,31,14,1.34938,NA,2010,1
F,0.666666667,3,0,19,4,NA,NA,2001,0
F,1,2,1,28,6,NA,1.684725,2010,1
M,1,3,0,18,4,0.7035849,NA,1998,1
M,1,1,0,21,5,0.7035849,NA,2001,1
M,0.8,5,0,31,9,0.7035849,0.6247418,2011,1
M,1,3,1,25,4,0.347735,NA,2003,1
M,1,2,1,31,6,0.347735,NA,2009,1
NA,1,2,0,16,2,NA,NA,2003,1
M,0.5,2,0,23,3,NA,NA,2001,0
M,0.8,5,0,30,7,NA,3.298154,2008,1
F,1,2,1,17,3,1.003159,NA,2003,1
F,1,4,0,25,6,1.003159,3.684725,2011,1
F,0.8,5,0,21,6,NA,NA,2001,1
F,1,1,0,23,7,NA,NA,2003,1
F,0.75,4,0,27,10,NA,0.7173256,2007,1
M,0,1,0,9,2,NA,NA,2011,0
F,0.5,2,0,9,2,3.298154,0.8901073,2011,0
M,0.888888889,9,0,27,9,1.948773,0.01440164,2010,1
M,0.888888889,9,0,27,9,0.1537788,NA,2010,1
M,0.75,12,0,32,12,0.4475839,2.649773,2010,1
M,1,3,1,19,4,1.015978,NA,2000,1
M,1,2,1,26,6,1.015978,1.602934,2007,1
M,0.333333333,3,0,29,8,1.015978,1.690107,2010,1
M,0.7,10,0,30,11,1.593148,NA,2010,1
M,0.5,4,0,20,5,1.232309,NA,2004,1
M,1,1,1,24,6,1.232309,1.519807,2008,1
M,0.333333333,3,0,27,8,1.232309,0.1910796,2011,0
F,0.666666667,9,1,21,10,2.786679,0.1097958,2011,1
F,0.75,4,1,15,5,NA,1.681068,2002,1
F,1,2,1,19,7,NA,2.948773,2006,1
F,1,1,1,21,8,NA,0.9487732,2008,1
F,0.7,10,1,29,11,2.519807,0.5198069,2009,0
F,1,2,0,31,12,2.519807,1.500362,2011,1
F,1,2,0,15,3,2.513279,NA,2002,1
F,1,4,0,23,7,2.513279,NA,2010,1
M,0,1,1,15,2,NA,3.087948,1999,0
M,1,1,1,23,3,NA,NA,2007,1
F,1,1,0,15,2,NA,NA,2002,1
F,1,5,0,23,6,NA,0.09314808,2010,1
F,1,4,0,18,5,NA,NA,1994,1
F,0.5,2,0,24,7,NA,NA,2000,1
F,1,6,0,34,12,NA,NA,2010,1
F,1,2,1,13,3,NA,1.348163,2002,1
F,1,2,0,18,5,NA,NA,2007,1
F,1,2,0,20,6,NA,3.648117,2009,1
M,0.636363636,11,1,30,12,0.5198069,2.519807,2009,0
M,1,2,0,32,13,0.5198069,3.519807,2011,1
F,0.888888889,9,0,30,9,2.948773,0.9487732,2010,1
F,0.222222222,9,0,21,9,NA,NA,2008,0
F,1,1,0,12,2,NA,NA,2001,1
F,1,3,0,15,4,NA,2.529282,2004,1
F,0.666666667,3,0,14,3,NA,NA,2004,1
M,0.8,5,1,25,6,NA,3.585618,2004,1
M,0.714285714,7,0,29,7,0.01440164,NA,2011,0
F,0,1,0,11,2,3.014402,NA,1991,0
F,0.818181818,11,0,30,12,3.014402,1.159691,2010,1
M,1,6,0,30,6,NA,NA,2010,1
M,1,5,0,18,5,NA,0.9662814,2004,1
M,0.75,4,0,24,5,NA,NA,1995,1
M,1,1,1,33,6,NA,NA,2004,1
M,1,3,0,37,8,NA,NA,2008,1
M,0.818181818,11,0,31,11,1.159691,3.014402,2010,1
M,0.5,2,0,22,3,3.648117,NA,2005,1
M,0.666666667,3,0,26,5,3.648117,NA,2009,1
M,0.833333333,6,0,22,7,NA,NA,2004,1
F,0.9,10,0,37,10,NA,0.5198069,2011,1
F,1,2,1,17,3,0.9135356,NA,1996,1
F,0.714285714,7,0,32,9,0.9135356,0.6533622,2011,0
F,0.833333333,6,0,25,6,2.826358,3.798154,2010,1
M,0.833333333,6,0,22,7,3.798154,NA,2008,1
M,0.5,2,0,24,8,3.798154,2.743167,2010,1
M,0.75,4,0,17,5,NA,NA,1994,0
M,0.5,4,1,24,9,NA,NA,2001,1
M,0.666666667,3,0,31,12,NA,NA,2008,1
M,0,3,0,34,14,NA,NA,2011,0
M,1,2,0,15,3,NA,NA,1991,1
M,1,5,1,26,8,NA,3.109796,2002,1
M,0.5,2,0,28,9,NA,NA,2004,0
M,1,1,0,14,2,3.212249,NA,1994,1
M,1,1,0,17,3,3.212249,NA,1997,1
M,1,1,1,21,4,3.212249,NA,2001,1
M,0.666666667,3,0,31,6,3.212249,NA,2011,1
F,0,1,0,13,2,NA,NA,2002,0
F,1,3,0,17,4,NA,NA,2006,1
M,0.666666667,12,1,33,13,3.116921,0.8798374,2011,1
F,1,8,0,26,8,3.273853,1.644375,2011,1
F,0,1,0,14,2,-0.05122678,NA,1995,0
F,0.888888889,9,0,29,10,-0.05122678,0.7835875,2010,1
F,1,8,0,27,9,0.4515586,NA,2007,1
F,0.25,4,0,31,12,0.4515586,1.195612,2011,0
F,0.75,8,0,23,9,1.890107,2.394666,2011,0
M,0.75,4,1,25,5,3.585618,NA,2006,1
M,1,3,0,30,7,3.585618,3.585618,2011,1
F,0.777777778,9,0,26,9,3.093148,1.267981,2010,1
F,0.6,5,0,15,5,NA,NA,2004,1
F,0.333333333,3,1,14,4,2.193842,NA,1997,1
F,0,1,1,19,5,2.193842,2.828596,2002,0
F,0,1,0,21,6,2.193842,NA,2004,0
F,1,3,1,27,9,2.193842,2.725945,2010,1
F,0,2,0,28,10,2.193842,1.425052,2011,0
M,0.75,12,0,34,12,NA,4.519807,2010,1
M,1,1,0,16,2,NA,NA,2000,1
M,1,4,0,22,5,NA,NA,2006,1
F,0.888888889,9,0,29,9,1.07148,0.6906681,2011,1
F,1,5,1,21,6,3.519807,NA,2008,1
F,1,2,0,24,7,3.519807,1.811469,2011,1
F,0.833333333,6,0,24,7,1.347735,NA,2010,0
M,1,3,1,19,4,0.7981536,1.602934,1999,1
M,0.714285714,7,0,30,10,0.7981536,0.9487732,2010,1
F,1,5,0,22,6,0.2131707,NA,2007,1
F,1,2,0,26,7,0.2131707,2.003159,2011,1
M,1,3,0,18,4,NA,NA,1999,1
M,1,1,0,21,5,NA,NA,2002,1
M,0.833333333,6,0,30,10,NA,3.151072,2011,1
M,0.5,4,0,17,4,NA,NA,2007,0
F,0.833333333,12,0,33,12,2.162355,2.212249,2010,1
F,0.75,4,0,18,5,0.4502542,NA,2004,1
F,1,4,0,24,8,0.4502542,0.2632786,2010,1
F,1,5,0,20,6,NA,NA,2004,1
F,0.5,2,1,24,8,NA,NA,2008,1
F,1,2,0,26,9,NA,1.212249,2010,1
F,0.5,4,0,18,5,1.136944,NA,2005,1
F,0.75,4,0,24,8,1.136944,2.4085,2011,0
M,0.75,4,0,18,4,NA,1.313584,2007,1
F,0.8,10,0,31,10,3.213171,NA,2011,1
M,1,1,0,11,2,0.8493804,NA,1998,1
M,0.666666667,9,0,24,10,0.8493804,0.5198069,2011,1
F,1,4,0,24,5,2.470046,NA,2006,1
F,1,3,0,28,7,2.470046,NA,2010,1
M,1,1,1,29,2,0.9956122,NA,2007,1
M,1,3,0,33,4,0.9956122,0.5198069,2011,1
F,0.666666667,9,0,22,9,3.649773,1.947857,2011,1
F,1,3,1,17,4,NA,NA,2004,1
F,0.818181818,11,0,22,11,3.157011,0.3946664,2010,1
F,1,9,0,26,9,0.4469271,1.090168,2011,1
F,0.8,5,0,15,5,NA,0.9713599,2004,1
F,0.875,8,1,24,9,NA,0.1097958,2004,1
F,0.875,8,0,28,9,1.822549,NA,2007,1
F,1,2,0,32,11,1.822549,NA,2011,1
M,0.555555556,9,0,29,9,0.1097958,2.290092,2010,1
M,1,2,0,21,3,1.448773,NA,2000,1
M,0.714285714,7,0,29,9,1.448773,0.9487732,2008,1
M,0.875,8,0,28,9,1.519807,NA,2004,1
M,0.666666667,3,0,34,11,1.519807,1.085618,2010,1
F,0.857142857,7,0,21,7,NA,0.5198069,2008,1
M,0.5,2,0,20,3,0.9487732,NA,1993,0
M,0.9,10,0,38,12,0.9487732,2.948773,2011,1
F,0.142857143,7,0,20,8,NA,NA,2009,1
M,1,5,0,25,5,NA,NA,2011,1
M,0.9,10,0,32,10,NA,NA,2008,1
F,1,6,0,23,6,NA,NA,2004,1
F,0.875,8,0,23,8,3.093148,0.4585335,2010,1
M,1,1,0,14,2,1.913536,NA,1990,1
M,1,3,0,21,5,1.913536,NA,1997,1
M,1,3,0,28,8,1.913536,NA,2004,1
M,1,1,0,31,9,1.913536,NA,2007,1
M,1,3,0,35,11,1.913536,1.053362,2011,1
M,0.75,8,0,26,8,2.394666,1.890107,2011,0
F,0.5,2,0,8,2,2.484405,3.221898,2011,1
M,1,5,0,22,6,NA,NA,2003,1
M,1,1,0,24,6,NA,NA,2005,1
F,0.5,4,0,16,5,NA,NA,2001,1
F,0.333333333,3,0,19,7,NA,NA,2004,0
M,0.75,4,1,21,5,1.347735,NA,2008,1
M,1,2,0,23,6,1.347735,1.448773,2010,1
M,0.75,12,0,31,12,3.093429,1.572549,2011,1
F,0.75,8,0,22,8,1.647859,0.1097958,2010,1
M,0.75,4,0,20,5,2.639392,NA,2005,1
M,0.5,2,0,23,7,2.639392,NA,2008,1
M,0,1,1,24,8,2.639392,1.684725,2009,0
M,1,1,0,25,8,2.639392,NA,2010,1
M,0.714285714,7,0,23,7,-0.001539025,3.159691,2010,1
F,0.714285714,7,0,21,7,NA,0.01440164,2005,0
F,0.714285714,7,0,19,7,NA,NA,2006,1
M,0.666666667,12,0,31,12,NA,2.195602,2009,1
F,0.5,2,0,13,3,NA,NA,2005,0
F,1,1,1,15,4,NA,NA,2007,1
F,1,1,1,17,5,NA,0.6481172,2009,1
F,1,2,0,17,3,1.653779,NA,2000,1
F,1,6,0,28,8,1.653779,NA,2011,1
M,0.769230769,13,0,32,13,0.1097958,3.093148,2010,1
M,0.875,8,0,27,9,2.738147,NA,2002,1
M,0.833333333,6,0,36,14,2.738147,1.301665,2011,1
F,1,4,1,18,5,2.395612,NA,2002,1
F,0.666666667,6,0,27,10,2.395612,1.339131,2011,1
F,1,7,0,23,7,NA,0.5198069,2005,1
F,0.5,2,0,12,3,1.648117,NA,2005,0
F,1,1,0,18,3,1.648117,NA,2011,1
F,1,5,0,22,5,0.5198069,0.9366901,2011,1
F,1,2,0,14,3,NA,NA,1998,1
F,1,2,0,18,5,NA,NA,2002,1
F,1,4,0,24,8,NA,0.4346612,2008,1
M,0,1,0,14,2,0.9487732,NA,2001,0
M,1,2,0,19,4,0.9487732,NA,2006,1
M,1,1,0,23,5,0.9487732,NA,2010,1
M,1,1,0,24,5,0.9487732,1.347735,2011,1
F,0.875,8,0,24,8,3.014402,2.347735,2010,1
M,0,1,0,18,2,0.6810683,NA,1999,0
M,1,6,0,29,7,0.6810683,1.826358,2010,1
F,1,2,0,23,2,2.798154,NA,2011,1
F,0.6,5,1,22,6,0.9487732,1.029859,1999,1
F,0.714285714,7,0,33,12,0.9487732,0.7981536,2010,1
F,0.727272727,11,0,28,11,0.2981536,0.1097958,2011,1
F,0.75,4,0,17,5,0.5198069,NA,2003,0
F,1,2,1,20,7,0.5198069,NA,2006,1
F,0.75,4,0,25,10,0.5198069,NA,2011,1
M,1,4,0,31,4,NA,2.395612,2011,1
M,0.545454545,11,0,27,11,1.085618,2.585618,2011,1
M,1,4,1,19,5,0.6926708,-0.05122678,2009,1
M,1,1,0,21,6,0.6926708,NA,2011,1
F,1,5,0,20,6,NA,NA,2003,1
F,1,2,0,22,7,NA,0.8798374,2005,1
M,0,1,1,13,2,0.1157814,1.892628,1998,0
M,0.75,4,1,20,6,0.1157814,NA,2005,0
M,1,1,0,24,6,0.1157814,1.519807,2009,1
M,1,1,0,15,2,3.668077,NA,1999,1
M,1,4,1,25,6,3.668077,0.8626149,2009,1
M,1,1,0,27,6,3.668077,3.5844,2011,1
M,0,1,1,12,2,1.892628,0.1157814,1998,0
M,1,2,0,18,4,1.892628,NA,2004,1
M,0.75,4,0,25,7,1.892628,1.477475,2011,1
F,1,2,0,17,3,0.9135356,NA,2002,1
F,1,1,0,23,4,0.9135356,NA,2008,1
F,0,2,0,26,5,0.9135356,3.085618,2011,0
F,1,5,0,22,6,2.743167,NA,2008,1
F,0.5,2,0,24,7,2.743167,3.798154,2010,1
F,1,4,0,20,5,1.377387,NA,2003,1
F,1,5,0,28,9,1.377387,1.090168,2011,1
F,0,1,1,12,2,3.087948,NA,2000,0
F,0.444444444,9,0,23,10,3.087948,1.442671,2011,1
M,0.5,2,0,18,3,NA,NA,1994,1
M,0.9,10,0,35,12,NA,0.5577315,2011,1
F,1,3,1,16,4,1.519807,0.5198069,2005,1
F,1,1,1,19,5,1.519807,0.5713599,2008,1
F,1,1,0,20,5,1.519807,0.5198069,2009,1
M,1,1,0,23,2,2.681068,NA,2005,1
M,0,5,0,29,6,2.681068,NA,2011,0
M,0.8,5,0,16,5,4.109796,3.109796,2010,1
F,1,1,0,11,2,2.800837,NA,2000,1
F,0.8,5,1,21,7,2.800837,1.102048,2010,1
F,0.5,2,0,22,8,2.800837,0.5673144,2011,1
F,0,2,0,21,3,0.2981536,NA,1997,0
F,0,4,0,30,7,0.2981536,NA,2006,0
F,0,5,0,35,11,0.2981536,0.2981536,2011,0
F,1,2,0,15,3,3.519807,NA,1995,1
F,0.8,10,0,31,12,3.519807,0.5673144,2011,0
M,0.8,10,0,36,11,NA,NA,2011,0
M,1,2,0,17,3,1.648117,NA,2003,1
M,0.666666667,6,0,25,8,1.648117,3.2277,2011,1
M,0.8,5,0,24,6,2.783587,NA,2007,0
M,1,3,0,28,8,2.783587,3.116921,2011,1
F,1,1,1,13,2,NA,NA,1994,1
F,0.888888889,9,0,30,10,NA,0.1537788,2011,1
F,1,4,0,30,4,NA,3.821046,2007,1
M,0.714285714,7,0,24,8,0.5560877,NA,2011,1
F,0.666666667,12,0,32,13,3.519807,NA,2009,1
F,1,2,0,34,14,3.519807,0.5198069,2011,1
M,1,5,0,28,5,NA,NA,2009,1
F,1,1,0,14,2,3.151072,NA,2002,1
F,0.833333333,6,0,23,7,3.151072,NA,2011,1
M,0.555555556,9,1,23,10,2.014402,2.948773,2008,1
M,0,1,1,26,11,2.014402,3.298154,2011,0
F,1,5,0,22,5,3.11361,2.934101,2010,1
F,1,1,0,14,2,3.026436,NA,2003,1
F,1,2,0,21,4,3.026436,NA,2010,1
M,1,6,0,23,6,2.470046,0.4267624,2011,1
F,1,1,0,12,2,NA,NA,1998,1
F,1,5,0,21,6,NA,NA,2007,1
M,1,2,0,15,3,0.4781361,NA,2005,1
M,0.75,4,0,20,6,0.4781361,2.07148,2010,1
F,0.875,8,0,22,8,1.18143,3.475433,2011,1
F,0,3,0,20,3,NA,3.684725,2007,0
F,1,3,0,19,4,3.280425,NA,2002,1
F,1,5,0,27,8,3.280425,-0.01974955,2010,1
F,0.888888889,9,0,26,9,1.220046,0.59574,2011,1
F,0.714285714,7,0,21,7,3.159691,-0.001539025,2010,1
M,0.666666667,3,0,20,4,NA,NA,2000,0
M,1,3,0,31,6,NA,NA,2011,1
M,1,1,0,15,2,0.7835875,NA,1995,1
M,0.888888889,9,0,30,10,0.7835875,-0.05122678,2010,1
F,1,4,1,21,5,-0.005355197,NA,2006,1
F,1,2,0,25,6,-0.005355197,0.01440164,2010,1
M,1,4,0,26,5,NA,NA,2008,1
M,0.875,8,0,25,9,1.168348,NA,2002,1
M,0.8,5,0,34,13,1.168348,2.768348,2011,1
M,1,2,0,22,3,4.519807,NA,2010,1
M,0.6,5,0,21,6,2.725945,NA,2001,1
M,1,1,0,24,7,2.725945,NA,2004,1
M,1,3,0,31,9,2.725945,2.193842,2011,1
F,1,3,0,17,4,0.1537788,NA,1999,1
F,1,3,1,22,7,0.1537788,NA,2004,1
F,0.8,5,0,29,11,0.1537788,NA,2011,1
M,1,8,0,28,8,0.944433,0.8123414,2010,1
F,0.875,8,0,25,8,NA,0.5198069,2010,1
F,1,6,0,21,6,3.109796,NA,2010,1
F,1,1,0,20,2,2.948773,0.5198069,2010,1
F,1,4,0,21,5,0.09314808,NA,2006,1
F,1,3,0,25,7,0.09314808,1.484405,2010,1
M,1,6,0,25,6,NA,3.109796,2010,1
F,0.75,8,0,21,8,3.014402,0.9487732,2010,1
M,1,4,1,28,5,0.7362378,1.085618,2009,1
M,1,1,0,30,5,0.7362378,1.144909,2011,1
F,0.875,8,0,23,9,2.090168,0.8364031,2011,1
M,0,1,0,17,2,1.175052,NA,2011,0
F,0.75,4,1,32,5,1.116921,0.8806126,2006,0
F,0.666666667,3,0,37,7,1.116921,0.5875862,2011,0
M,1,6,0,23,6,1.519807,2.798154,2011,1
M,0.5,2,0,17,3,2.527175,NA,2005,1
M,1,1,1,20,4,2.527175,1.821046,2008,1
M,1,2,0,22,5,2.527175,2.661311,2010,1
M,0.666666667,6,1,21,7,1.190668,NA,2004,1
M,1,2,0,26,9,1.190668,NA,2009,1
M,0.5,2,0,28,10,1.190668,1.738147,2011,0
M,0.75,8,0,25,8,1.25035,1.072549,2011,1
M,0.714285714,7,0,24,8,2.505227,NA,2003,0
M,1,2,0,30,10,2.505227,NA,2009,1
M,0.5,2,0,31,11,2.505227,2.131397,2010,1
M,0.333333333,3,0,18,4,2.879837,NA,2000,0
M,0.666666667,3,0,24,7,2.879837,NA,2006,0
M,1,1,0,29,8,2.879837,NA,2011,1
F,0.909090909,11,0,31,11,0.6418972,3.377633,2011,1
M,0.7,10,0,29,10,NA,0.7981536,2010,1
M,0.333333333,6,0,18,6,2.271273,NA,2010,1
M,0.875,8,1,27,9,0.1097958,NA,2006,1
M,0,1,1,29,10,0.1097958,0.5198069,2008,0
M,1,1,1,31,11,0.1097958,NA,2010,1
M,1,1,0,32,11,0.1097958,1.109796,2011,1
M,0.857142857,7,0,22,7,1.519807,3.648117,2011,1
M,0.5,2,0,15,3,0.4487732,NA,2009,0
M,0.857142857,7,0,25,8,0.5875862,NA,2006,1
M,0.666666667,3,0,30,10,0.5875862,1.116921,2011,0
M,1,3,0,17,4,1,NA,2004,1
M,1,4,0,23,7,1,0.01440164,2010,1
M,1,4,0,23,4,NA,NA,1995,1
F,1,2,0,16,2,NA,NA,1986,1
F,1,2,1,21,3,NA,NA,1991,1
F,1,1,0,25,4,NA,NA,1995,1
F,0,2,0,26,5,NA,NA,1996,0
F,NA,1,0,14,2,NA,NA,1984,NA
F,0.5,3,0,22,5,NA,NA,1992,0
F,1,5,0,30,9,NA,1.972619,2000,1
F,1,5,1,30,6,NA,NA,2000,1
F,1,6,0,40,11,NA,NA,2010,1
F,1,1,0,17,2,NA,NA,1987,1
F,NA,1,1,17,2,NA,NA,1987,NA
F,1,2,0,20,3,NA,NA,1990,1
F,0.75,12,0,31,12,NA,1.448773,2001,1
F,0.6,5,0,20,5,NA,NA,1990,1
F,0.875,8,0,26,8,NA,NA,1996,1
M,0.666666667,3,0,19,3,NA,NA,1989,1
F,0.666666667,3,0,17,3,NA,NA,1994,1
F,1,2,0,17,2,NA,NA,1988,1
F,0.666666667,3,0,14,3,NA,NA,1985,1
M,0.875,8,0,30,9,NA,NA,2001,1
M,1,4,0,36,12,NA,NA,2007,1
F,1,2,0,14,2,NA,NA,1985,1
M,0.833333333,7,0,26,8,NA,NA,1997,1
M,0.5,2,0,28,9,NA,NA,1999,0
M,1,2,0,17,2,NA,NA,1988,1
F,0,2,0,9,2,NA,3.684725,1986,0
F,1,2,1,17,3,NA,NA,1994,1
F,1,1,1,19,4,NA,NA,1996,1
F,1,5,0,18,5,NA,1.237665,1995,1
F,0.6,5,0,22,5,NA,NA,1999,1
F,1,1,0,13,2,NA,NA,1990,1
F,0.833333333,6,0,28,8,NA,NA,2005,1
F,0.75,4,0,16,4,NA,NA,1993,0
M,0.571428571,7,0,24,8,0.3623088,NA,2001,1
M,0,1,0,26,9,0.3623088,NA,2003,0
M,1,2,0,32,11,0.3623088,NA,2009,1
M,1,1,0,34,11,0.3623088,0.6847249,2011,1
F,1,4,0,17,4,NA,NA,1994,1
M,1,1,0,18,2,0.8806126,NA,1995,1
M,0,1,0,21,3,0.8806126,NA,1998,0
M,0.75,4,1,29,7,0.8806126,1.116921,2006,0
M,0.5,2,0,34,8,0.8806126,1.447584,2011,0
M,1,1,0,12,2,NA,NA,1989,1
M,0.5,2,0,14,3,NA,NA,1991,1
F,1,2,0,11,2,NA,NA,1988,1
F,0.571428571,7,0,27,7,NA,NA,2004,0
F,1,5,1,23,6,NA,NA,2000,1
F,0.875,8,0,23,8,NA,1.519807,2000,1
F,1,1,0,15,2,NA,NA,1992,1
F,1,3,0,19,4,NA,NA,1996,1
F,0.833333333,6,0,19,6,NA,NA,1996,1
M,0,1,1,11,2,0.1097958,NA,1988,0
M,0.5,2,1,16,4,0.1097958,1.572549,1993,1
M,0.5,2,0,20,6,0.1097958,NA,1997,0
M,1,5,1,33,11,0.1097958,3.247322,2010,1
M,0,4,0,26,4,NA,0.2981536,2003,0
F,1,2,0,11,2,NA,NA,1988,1
F,0.666666667,3,0,12,3,NA,NA,1989,1
M,1,2,0,12,2,NA,NA,1989,1
F,1,1,0,13,2,0.4502542,NA,1990,1
F,0.692307692,13,0,33,14,0.4502542,1.256826,2010,1
M,1,2,0,21,2,NA,NA,1998,1
M,0.642857143,14,0,34,14,1.572549,0.9353644,2011,1
F,0.5,2,0,11,2,NA,NA,1988,1
F,0.857142857,7,0,28,8,NA,NA,2005,0
F,1,1,0,33,8,NA,NA,2010,1
F,1,1,1,12,2,NA,1.073853,1989,1
F,1,4,0,18,5,NA,NA,1995,1
F,1,5,0,22,5,NA,NA,1999,1
F,0.571428571,7,0,20,7,NA,0.3623088,1997,1
F,1,2,0,16,2,NA,NA,1988,1
F,0.5,2,0,17,2,NA,0.3926112,1989,0
F,0.75,4,0,20,4,NA,NA,1992,1
M,0.75,4,1,22,5,NA,NA,1994,0
M,0.333333333,3,0,31,8,NA,NA,2003,1
M,0.5,2,0,34,9,NA,NA,2006,1
M,1,4,0,24,5,NA,NA,1996,1
F,0.666666667,3,0,14,3,NA,NA,1986,0
M,0.625,8,0,32,8,NA,NA,2004,0
M,1,5,0,28,5,NA,NA,2000,1
M,1,1,0,20,2,NA,NA,1992,1
M,1,1,0,29,2,NA,0.5577315,2001,1
F,1,2,0,13,2,NA,NA,1985,1
NA,1,2,0,12,2,NA,0.5198069,1984,1
F,0.333333333,3,0,16,3,NA,3.519807,1989,0
F,0.75,4,0,37,4,NA,NA,2010,0
F,0.666666667,4,0,16,5,NA,NA,1989,1
F,0.666666667,6,0,30,11,NA,NA,2003,1
F,1,1,0,32,11,NA,0.5931481,2005,1
M,1,4,0,17,4,NA,NA,1991,1
M,0.5,3,0,14,3,NA,NA,1988,0
F,0,1,0,12,2,NA,NA,1986,0
F,1,6,0,22,7,NA,NA,1996,1
M,0.5,2,0,18,3,0.3926112,NA,1992,0
M,1,1,1,23,4,0.3926112,NA,1997,1
M,1,1,0,27,5,0.3926112,NA,2001,1
M,1,2,0,31,7,0.3926112,NA,2005,1
M,0.5,4,0,37,10,0.3926112,2.059278,2011,1
F,0.75,4,0,21,4,NA,NA,1995,1
F,0.9,10,0,31,11,3.116921,NA,2005,1
F,0,1,0,33,12,3.116921,NA,2007,0
F,1,3,0,37,14,3.116921,2.783587,2011,1
F,1,2,0,14,2,NA,NA,1988,1
M,1,3,0,15,3,NA,NA,1989,1
M,1,7,0,37,7,NA,NA,2011,1
F,0.833333333,6,0,26,6,NA,NA,2000,1
M,1,3,0,23,3,NA,1.085618,1997,1
F,1,2,0,11,2,NA,NA,1985,1
F,0.5,6,0,24,7,NA,NA,1998,0
M,0.666666667,3,0,22,3,NA,NA,1996,1
M,0,1,1,13,2,NA,0.7173256,1988,0
M,1,1,0,19,3,NA,NA,1994,1
M,0.777777778,9,0,34,11,NA,NA,2009,1
M,1,1,0,18,2,NA,NA,1993,1
M,1,2,0,20,3,NA,NA,1995,1
M,1,2,1,17,3,NA,NA,1992,1
F,0.714285714,7,0,22,7,NA,NA,1997,1
F,0.8,10,0,35,11,0.8623088,NA,2010,1
M,0.833333333,6,0,19,6,NA,NA,1994,1
F,0.333333333,3,0,12,3,NA,NA,1987,1
M,0.8,5,0,20,6,0.9487732,NA,1995,1
M,1,2,0,29,8,0.9487732,NA,2004,1
M,0.75,4,0,35,11,0.9487732,1.948773,2010,1
F,0.8,5,0,17,5,NA,0.9487732,1992,1
F,0.5,2,0,15,3,NA,NA,1990,1
F,0.333333333,3,0,18,5,NA,0.5147677,1993,1
F,1,3,0,17,4,NA,NA,1992,1
F,0.75,4,0,22,7,NA,-0.05122678,1997,1
M,0.5,4,0,16,4,NA,NA,1994,0
M,1,3,0,23,3,NA,NA,2001,1
F,0.6,5,0,21,5,NA,1.339131,1999,1
M,1,2,0,18,3,0.5198069,NA,1996,1
M,1,2,0,24,5,0.5198069,NA,2002,1
M,0.5,4,1,30,9,0.5198069,1.443985,2008,0
F,0.8,5,0,21,5,NA,NA,1999,1
M,0.666666667,3,0,18,3,NA,-0.05122678,1996,0
F,0.875,8,0,21,8,NA,2.738147,1999,1
F,0,2,0,11,2,NA,3.072549,1989,0
M,0.333333333,3,0,16,4,NA,NA,1994,0
M,0.5,2,0,17,5,NA,NA,1995,1
F,1,2,0,27,2,NA,NA,2005,1
F,0.75,4,0,15,4,NA,NA,1993,1
F,1,5,0,22,6,NA,NA,2000,1
F,1,3,0,13,3,NA,NA,1991,1
F,1,2,0,19,2,NA,NA,1997,1
M,0.75,4,0,22,5,NA,NA,2000,0
F,1,3,0,14,3,NA,NA,1992,1
F,0.666666667,3,0,14,3,NA,NA,1992,1
M,0.875,8,0,25,8,NA,NA,2004,0
F,0.666666667,3,0,15,3,NA,NA,1994,1
F,0.75,4,0,14,4,NA,NA,1993,1
F,0.833333333,6,0,19,6,NA,NA,1998,1
M,0.5,2,0,17,3,NA,NA,1996,0
M,1,2,0,19,4,NA,NA,1998,1
M,1,4,0,19,5,NA,NA,1998,1
M,0.666666667,6,0,28,10,NA,1.681068,2007,0
F,0.333333333,3,0,12,3,NA,NA,1991,0
M,0.857142857,7,1,29,8,NA,NA,2008,1
M,1,1,0,32,8,NA,0.1097958,2011,1
F,0.5,2,0,15,3,NA,NA,1994,1
F,1,1,1,17,4,NA,NA,1996,1
M,0.833333333,6,0,22,7,NA,NA,2001,1
M,1,2,0,24,8,NA,0.4379688,2003,1
F,0.5,2,0,17,3,NA,NA,1996,1
F,1,2,0,19,4,NA,NA,1998,1
F,1,2,0,12,2,NA,NA,1991,1
F,1,7,0,21,7,NA,NA,2000,1
M,0.8,5,0,23,6,NA,NA,2002,1
M,1,1,0,15,2,NA,NA,1994,1
M,1,3,0,22,5,NA,NA,2001,1
M,1,2,0,17,2,NA,NA,1996,1
M,0,1,1,9,2,NA,NA,1988,0
M,1,1,1,11,3,NA,NA,1990,1
M,0.75,4,0,19,6,NA,1.879837,1998,1
F,0.833333333,6,0,23,6,NA,NA,2002,1
F,1,2,0,11,2,NA,NA,1990,1
F,0.666666667,3,0,14,3,NA,NA,1994,1
F,1,1,0,13,2,NA,NA,1993,1
F,1,2,0,15,3,NA,3.362309,1995,1
M,1,4,1,20,5,NA,2.948773,2000,1
M,1,1,0,23,6,NA,NA,2003,1
M,1,2,0,25,7,NA,3.038892,2005,1
F,1,2,0,12,2,NA,0.5198069,1992,1
F,0.666666667,6,0,17,6,NA,NA,1997,1
M,0.75,4,0,17,4,NA,3.361026,1997,1
F,1,1,0,14,2,1.826358,NA,1994,1
F,0.5,2,0,19,4,1.826358,NA,1999,0
F,1,6,0,30,9,1.826358,0.6810683,2010,1
M,1,5,0,23,5,NA,2.264858,2003,1
M,1,3,0,24,4,NA,NA,2004,1
M,0,1,0,15,2,NA,NA,1995,0
M,1,2,0,12,2,NA,3.519807,1992,1
M,1,2,0,12,2,NA,NA,1992,1
M,0,1,0,14,2,NA,NA,1994,0
M,1,3,0,20,4,NA,NA,2000,1
M,0.857142857,7,0,25,8,NA,NA,2005,1
M,1,2,1,29,10,NA,NA,2009,1
M,1,1,0,13,2,NA,NA,1993,1
M,1,3,0,19,4,NA,NA,1999,1
M,1,2,0,16,2,NA,0.9135356,1996,1
F,0.8,5,0,15,5,NA,NA,1995,1
F,0.714285714,7,0,21,7,NA,2.505227,2001,0
F,0.6,5,0,18,6,NA,2.725945,1998,1
M,1,5,0,20,5,NA,NA,2000,1
F,1,2,0,10,2,NA,1.448773,1990,1
F,1,2,1,17,3,NA,NA,1997,1
F,1,1,0,22,3,NA,NA,2002,1
M,0.75,4,0,13,4,NA,3.250362,1993,1
M,0,1,0,13,2,NA,NA,1993,0
M,1,2,0,18,4,NA,NA,1998,1
F,0.833333333,6,0,23,6,NA,NA,2003,1
M,0.5,4,0,18,5,NA,NA,1998,1
M,1,1,1,20,2,NA,NA,2000,1
M,1,2,0,28,3,NA,NA,2008,1
F,0.666666667,3,0,11,3,NA,4.519807,1991,1
F,0.5,8,1,23,9,2.131397,NA,2003,1
F,0.666666667,3,1,29,12,2.131397,0.675052,2009,1
F,0.5,2,0,30,13,2.131397,2.505227,2010,1
F,0.5,4,0,15,4,NA,0.4865115,1996,0
M,0,3,0,16,3,NA,NA,1997,0
F,0.75,4,0,15,4,NA,NA,1996,0
M,1,5,0,20,5,NA,NA,2001,1
M,0,1,0,11,2,NA,NA,1992,0
M,1,3,0,25,5,NA,NA,2006,1
M,0.4,5,0,29,9,NA,3.109796,2010,1
F,1,3,0,13,3,NA,NA,1994,1
M,0.8,5,0,22,6,NA,NA,2003,1
F,0.5,4,0,14,4,NA,NA,1995,1
M,1,7,0,28,8,1.195602,NA,2009,1
M,1,1,0,30,8,1.195602,1.147859,2011,1
F,0.428571429,7,0,21,8,NA,NA,2002,1
M,0,1,0,12,2,1.0025,NA,1993,0
M,0.875,8,0,30,10,1.0025,NA,2011,1
M,1,3,0,16,3,NA,0.1537788,1997,1
F,0.5,2,0,12,2,NA,NA,1993,1
M,0,1,1,11,2,NA,2.205531,1992,0
F,0.5,2,0,11,2,NA,0.9487732,1992,0
M,1,5,0,22,5,NA,NA,2003,1
M,0.75,4,0,17,5,NA,NA,1998,0
M,1,3,0,22,7,NA,0.1097958,2003,1
M,1,4,0,21,5,NA,NA,2002,1
M,1,2,0,23,6,NA,NA,2004,1
M,1,1,1,13,2,NA,NA,1994,1
M,0,1,1,10,2,NA,NA,1991,0
M,0.6,5,1,22,7,NA,2.529282,2003,1
M,1,2,0,17,3,NA,NA,1998,1
M,1,4,0,22,6,NA,2.614806,2003,1
M,1,1,0,18,2,NA,NA,1999,1
M,0.666666667,3,0,21,4,NA,1.648117,2002,1
F,0.5,2,0,13,2,NA,NA,1994,0
M,0,2,0,15,3,0.8364031,NA,1996,0
M,0.875,8,0,30,10,0.8364031,2.090168,2011,1
M,0.727272727,11,0,29,11,0.1097958,0.2981536,2010,1
M,1,2,0,17,3,NA,NA,1998,1
M,1,1,1,22,4,NA,1.648117,2003,1
M,0.6,5,0,29,8,NA,0.5198069,2010,1
F,0.5,2,0,11,2,NA,NA,1992,1
M,0.4,5,0,19,5,NA,NA,2000,0
F,1,2,0,14,2,NA,0.7035849,1995,1
F,0.666666667,3,0,13,3,NA,NA,1994,0
F,0.833333333,6,0,18,6,NA,NA,1999,1
M,0.25,4,0,21,5,NA,NA,2002,1
M,0.4,5,0,29,9,NA,0.6847249,2010,0
F,1,5,0,21,6,NA,NA,2002,1
M,1,4,1,23,5,NA,NA,2004,1
M,1,2,0,28,6,NA,NA,2009,1
F,0.5,2,0,11,2,NA,NA,1992,0
M,0.916666667,12,0,29,12,0.3272511,3.250362,2011,1
M,1,1,1,12,2,NA,NA,1994,1
M,0.8,5,0,18,6,NA,2.397859,2000,1
M,0.875,8,0,26,9,1.049124,NA,2008,1
NA,0.5,2,0,15,2,NA,NA,1997,1
M,0,1,1,18,2,1.067314,NA,2000,0
M,0.5,8,0,29,9,1.067314,3.361026,2011,1
F,0.5,2,0,13,2,NA,0.1097958,1995,0
M,0,1,0,14,2,NA,NA,1997,0
M,1,2,0,16,3,NA,2.513279,1999,1
M,1,1,1,11,2,2.948773,NA,1994,1
M,0.666666667,9,0,27,10,2.948773,1.5,2010,1
F,0,2,0,11,2,NA,0.8364031,1994,0
F,0.5,2,0,12,2,NA,NA,1995,0
M,0.875,8,0,24,8,NA,0.4930243,2007,1
M,0.8,5,0,25,6,0.6810683,NA,2008,1
M,1,2,0,27,7,0.6810683,1.661311,2010,1
M,0,1,0,12,2,0.1097958,NA,1995,0
M,1,4,0,23,6,0.1097958,NA,2006,1
M,0.5,2,1,27,8,0.1097958,2.397859,2010,1
M,0.857142857,7,0,25,7,0.5198069,NA,2008,1
M,0.857142857,7,0,27,7,0.2559408,2.032871,2010,1
M,1,2,0,13,2,NA,1.601078,1996,1
F,1,2,0,13,2,NA,1.448773,1996,1
M,0.8,5,0,18,5,NA,NA,2001,0
M,0.666666667,3,0,17,4,NA,NA,2000,1
M,1,2,0,19,5,NA,NA,2002,1
M,0.75,4,0,28,4,NA,NA,2011,0
M,0.75,4,0,18,5,NA,NA,2001,0
M,1,2,0,21,6,NA,2.413536,2004,1
M,1,2,0,12,2,NA,NA,1995,1
F,0.333333333,6,0,18,6,NA,NA,1991,0
M,NA,1,0,14,2,NA,NA,1987,NA
M,1,3,0,18,4,NA,NA,1991,1
M,0.5,2,0,14,2,NA,0.8533622,1987,0
M,1,1,0,15,2,NA,NA,1988,1
F,0.4,5,0,18,5,NA,NA,1991,0
M,1,6,0,23,6,NA,1.443985,1996,1
M,0.2,5,0,21,6,NA,NA,1994,1
M,0.5,2,0,23,7,NA,1.826358,1996,0
F,1,3,0,16,4,NA,NA,1989,1
M,1,2,0,21,2,NA,NA,1997,1
F,0.666666667,6,0,21,6,NA,NA,1997,0
F,1,2,0,13,2,NA,NA,1989,1
M,1,1,0,13,2,NA,NA,1989,1
M,1,5,0,32,7,NA,NA,2008,1
M,1,1,0,35,7,NA,0.5198069,2011,1
M,0.833333333,6,1,23,7,NA,NA,1999,1
M,1,1,0,24,7,NA,1.443985,2000,1
F,0.6,5,0,22,6,NA,NA,1998,1
F,0.571428571,7,0,35,12,NA,3.503159,2011,0
M,0,3,0,18,3,NA,NA,1994,0
M,1,1,1,19,2,1.073853,NA,1995,1
M,0.833333333,6,0,35,8,1.073853,NA,2011,1
M,0.411764706,17,0,35,17,0.7981536,1.109796,2011,0
M,0.75,4,0,17,4,NA,NA,1993,1
F,0.2,5,0,15,5,NA,NA,1991,1
M,0.5,6,0,19,6,NA,-0.05122678,1995,0
M,0,1,0,16,2,NA,NA,1992,0
M,1,1,0,18,3,NA,NA,1994,1
M,1,3,0,22,5,NA,NA,1998,1
M,1,6,0,26,6,NA,2.661311,2002,1
F,0.666666667,6,0,22,7,NA,NA,1998,0
F,1,1,0,25,8,NA,NA,2001,1
F,1,2,0,27,9,NA,NA,2003,1
F,0.8,5,0,21,5,NA,NA,1997,0
M,0.666666667,6,0,19,6,NA,0.1097958,1995,0
M,0.5,2,0,25,2,NA,NA,2001,1
F,0.333333333,3,0,15,3,NA,NA,1992,0
M,0,3,0,14,3,NA,NA,2002,0
M,1,4,0,17,4,NA,NA,2005,1
M,0,1,1,11,2,NA,NA,1999,0
M,0.777777778,9,0,23,9,1.267981,3.093148,2011,1
M,0.6,5,0,16,5,NA,NA,2004,1
F,1,4,0,19,5,2.614806,NA,2007,1
F,1,3,0,23,7,2.614806,1.791851,2011,1
M,1,1,0,15,2,1.173472,NA,2003,1
M,1,1,0,19,3,1.173472,NA,2007,1
M,1,1,0,22,3,1.173472,1.147859,2010,1
F,1,6,0,23,6,1.116921,NA,2011,1
F,1,2,0,13,2,NA,4.519807,2001,1
M,0.666666667,9,0,22,9,0.1097958,2.786679,2010,1
M,0.333333333,3,0,13,3,NA,NA,2001,1
M,0.625,8,0,20,8,NA,3.572549,2008,1
M,0.8,5,0,22,5,1.102048,2.800837,2010,1
F,1,1,0,13,2,3.348163,NA,2001,1
F,1,5,0,23,6,3.348163,3.425052,2011,1
M,1,2,1,16,3,1.348163,NA,2004,1
M,1,3,1,23,6,1.348163,1.519807,2011,1
F,1,2,0,15,3,2.055522,NA,2003,1
F,0,1,0,17,4,2.055522,NA,2005,0
F,1,4,0,23,7,2.055522,0.9175876,2011,1
M,0.714285714,7,0,22,7,0.6443749,NA,2010,1
M,0.6,5,0,17,5,2.195602,NA,2005,1
F,1,4,0,15,4,NA,0.7981536,2003,1
M,1,1,0,13,2,NA,NA,2001,1
M,1,2,0,14,3,NA,NA,2002,1
F,1,1,0,13,2,NA,NA,2001,1
F,1,4,0,22,6,NA,NA,2010,1
M,0.777777778,9,0,23,9,2.085618,0.8748175,2011,1
M,1,5,0,22,5,0.09314808,NA,2010,1
M,1,3,1,15,4,NA,NA,1998,1
F,0.75,4,0,23,8,NA,NA,2006,0
M,0.5,4,0,15,4,NA,NA,1998,1
F,0.333333333,3,0,18,4,-0.05122678,NA,2001,0
F,1,4,0,24,7,-0.05122678,0.6926708,2007,1
F,0.666666667,3,0,14,3,NA,3.519807,1997,1
F,0.333333333,3,0,15,3,NA,NA,1998,1
F,1,3,0,13,3,NA,NA,1996,1
F,1,3,0,28,3,2.381886,NA,2011,1
F,1,2,0,17,3,NA,NA,2000,1
F,0.833333333,6,0,26,8,NA,NA,2009,1
M,1,5,0,38,5,NA,1.598163,2002,1
M,1,2,0,23,3,NA,NA,1990,1
M,1,3,0,31,6,NA,NA,1998,1
M,1,1,0,NA,2,NA,NA,1968,1
M,0.333333333,3,0,NA,5,NA,NA,1976,0
F,0.5,3,0,NA,3,NA,NA,1972,1
F,1,2,0,NA,3,NA,NA,1999,1
F,1,3,0,NA,5,NA,0.8798374,2003,1
M,1,2,0,NA,3,NA,NA,1993,1
M,0.5,2,0,NA,4,NA,NA,1995,0
M,1,2,1,NA,3,NA,NA,1993,1
F,0,6,0,NA,6,NA,NA,1991,0
F,0.75,4,0,NA,4,NA,NA,1990,0
F,0.75,8,0,NA,8,NA,1.948773,2000,1
M,0,1,0,NA,2,NA,NA,1994,0
M,1,1,0,NA,2,NA,0.4487732,2011,1
M,1,2,0,NA,2,NA,NA,1990,1
M,1,5,0,NA,5,NA,NA,1997,1
M,1,2,0,NA,2,NA,NA,2000,1
F,0.666666667,3,0,NA,3,NA,NA,1992,1
M,0.5,4,0,NA,4,NA,NA,1991,1
F,0.75,4,0,NA,4,NA,NA,1995,1
F,0.75,4,1,NA,5,NA,NA,1993,0
F,1,2,0,NA,6,NA,NA,1995,1
F,1,1,0,NA,2,NA,NA,1990,1
F,1,3,0,NA,4,NA,1.913536,1994,1
F,1,1,0,NA,2,NA,NA,1993,1
F,1,4,0,NA,5,NA,NA,2001,1
F,0,1,0,NA,2,NA,NA,1988,0
F,1,6,0,NA,7,NA,0.7173256,1998,1
M,1,2,1,NA,3,NA,NA,1993,1
M,1,1,0,NA,3,NA,NA,2000,1
F,0.5,2,0,NA,2,NA,NA,1988,1
F,0.714285714,7,0,NA,7,NA,0.1097958,2006,1
F,1,2,0,NA,2,NA,NA,1988,1
M,1,2,0,NA,2,NA,NA,1994,1
M,1,1,0,NA,2,NA,NA,1994,1
M,1,2,0,NA,4,NA,NA,1998,1
M,1,3,0,NA,6,NA,1.538892,2002,1
F,0.666666667,6,0,NA,6,NA,3.298154,1994,1
F,1,2,0,NA,2,NA,NA,1992,1
F,0.5,4,0,NA,4,NA,NA,1992,0
F,0.875,8,0,NA,8,NA,1.168348,1998,1
F,1,1,1,NA,2,NA,NA,1991,1
M,0.857142857,7,0,NA,8,NA,NA,2005,0
M,0.875,8,0,NA,8,NA,NA,2011,1
M,1,2,0,NA,3,NA,NA,1995,1
M,1,2,0,NA,5,NA,NA,2000,1
M,0.666666667,3,0,NA,7,NA,NA,2006,1
F,0.5,2,0,NA,3,NA,NA,1991,0
F,0,2,0,NA,5,NA,NA,1996,0
F,0,2,0,NA,6,NA,NA,2000,0
M,0,1,0,NA,2,NA,NA,1991,0
M,0.75,8,0,NA,9,NA,NA,2004,0
M,1,3,0,NA,3,NA,NA,1991,1
F,1,3,0,NA,4,NA,NA,1993,1
F,0.5,6,0,NA,9,NA,NA,1998,1
M,0.5,8,1,NA,9,NA,2.131397,2004,1
M,0.5,2,0,NA,10,NA,NA,2011,1
M,1,1,1,NA,2,NA,NA,1996,1
M,1,1,0,NA,2,NA,NA,1998,1
F,1,4,0,NA,4,NA,NA,2000,1
M,1,1,1,NA,2,NA,NA,1989,1
M,1,6,1,NA,8,NA,3.253591,2006,1
F,0.857142857,7,0,NA,7,NA,NA,2001,1
F,0,1,1,NA,2,NA,NA,1989,0
M,0.5,4,0,NA,5,0.2131707,NA,2007,1
M,0.75,4,0,NA,8,0.2131707,1.519807,2011,1
F,0,1,0,NA,2,NA,NA,1988,0
M,0.8,5,1,NA,6,2.212249,1.474748,2002,1
M,1,1,1,NA,7,2.212249,NA,2005,1
M,1,3,0,NA,9,2.212249,0.6204323,2011,1
M,0.714285714,7,0,NA,8,NA,NA,2008,1
F,0.666666667,3,0,NA,4,NA,NA,1998,1
F,1,2,1,NA,3,NA,NA,1998,1
F,0.5,2,0,NA,2,NA,2.693279,1992,0
F,1,3,0,NA,3,NA,NA,1994,1
F,1,1,1,NA,2,NA,0.3926112,1994,1
F,1,5,0,NA,6,NA,NA,2002,1
F,0.875,8,0,NA,8,0.5198069,1.84938,2011,1
F,0.833333333,6,0,NA,6,NA,NA,2001,1
F,0.333333333,3,0,NA,4,NA,NA,1998,1
M,0.75,4,0,NA,4,NA,NA,1997,1
NA,0,2,0,NA,2,NA,NA,1970,0
F,1,3,0,NA,3,NA,1.561979,1996,1
M,1,5,0,NA,5,NA,3.519807,2003,1
M,1,1,1,NA,2,NA,2.948773,1994,1
M,1,3,0,NA,4,NA,NA,2000,1
F,1,2,0,NA,3,NA,NA,1997,1
F,1,3,0,NA,5,NA,1.913536,2001,1
M,1,3,0,NA,3,NA,NA,1996,1
M,1,2,0,NA,2,NA,NA,1995,1
M,1,2,0,NA,3,NA,NA,1997,1
M,1,1,0,NA,3,NA,NA,2000,1
M,1,4,0,NA,4,NA,NA,2005,1
F,0.8,5,0,NA,5,NA,3.648117,2003,1
F,0.571428571,7,0,NA,8,0.01440164,NA,2006,1
F,1,3,0,NA,10,0.01440164,1.147859,2011,1
F,0.8,5,0,NA,5,NA,2.783587,2003,0
F,1,1,0,NA,2,NA,NA,1993,1
F,0.444444444,9,0,NA,10,NA,NA,2004,0
F,0.888888889,9,0,NA,9,0.2473219,0.2988449,2011,1
F,1,1,1,NA,2,0.5198069,NA,1995,1
F,1,1,0,NA,3,0.5198069,NA,1998,1
F,1,1,0,NA,4,0.5198069,NA,2001,1
F,1,6,0,NA,9,0.5198069,0.5465041,2011,1
M,1,1,1,NA,2,NA,0.5198069,1995,1
M,NA,1,0,NA,2,NA,NA,1973,NA
M,NA,1,0,NA,2,NA,NA,1986,NA
F,1,2,0,NA,3,NA,NA,1975,1
M,0.5,2,0,NA,2,NA,NA,1984,0
F,0.5,4,0,NA,4,NA,NA,1984,0
F,1,2,0,NA,2,NA,NA,1977,1
NA,1,2,0,NA,3,NA,NA,1974,NA
F,0.666666667,8,0,NA,9,NA,NA,1991,1
F,0.666666667,3,0,NA,11,NA,NA,1998,1
M,0.666666667,8,0,NA,8,NA,NA,1988,1
NA,1,1,1,NA,2,NA,NA,1968,1
NA,1,1,0,NA,3,NA,NA,1973,1
F,0,2,0,NA,3,NA,NA,1972,0
F,1,3,0,NA,5,NA,NA,1976,1
M,1,3,0,NA,3,NA,NA,1982,1
M,1,2,0,NA,2,NA,NA,1980,1
NA,1,1,0,NA,2,NA,NA,1971,1
NA,0.2,5,0,NA,7,NA,NA,1991,0
NA,1,3,0,NA,3,NA,NA,1976,1
NA,0.5,2,0,NA,3,NA,NA,1975,1
M,0.75,7,0,NA,8,NA,NA,1988,NA
M,0.666666667,3,0,NA,10,NA,NA,1993,0
NA,1,1,0,NA,2,NA,NA,1971,1
F,1,2,0,NA,2,NA,NA,1974,1
NA,0,3,0,NA,3,NA,NA,1974,0
M,NA,1,0,NA,2,NA,NA,1984,NA
M,1,4,0,NA,6,NA,NA,1996,1
M,1,1,0,NA,7,NA,NA,2001,1
M,0.5,2,0,NA,8,NA,NA,2004,0
M,0,2,1,NA,3,NA,NA,1993,0
M,0.375,9,0,NA,9,NA,NA,1995,0
NA,0,2,0,NA,2,NA,NA,1975,0
F,0,1,0,NA,2,NA,NA,1993,0
NA,0.5,2,0,NA,2,NA,NA,1969,1
F,0.777777778,9,0,NA,10,3.426762,NA,2010,1
F,0.5,2,0,NA,11,3.426762,1.760096,2011,1
F,0.75,4,0,NA,4,NA,NA,1998,0
F,0.8,5,0,NA,5,NA,NA,2003,1
F,0,2,0,NA,3,NA,NA,1983,NA
F,0.4,5,0,NA,7,NA,NA,1991,0
M,1,2,0,NA,3,0.4135356,NA,2008,1
M,1,1,0,NA,3,0.4135356,NA,2010,1
M,0.333333333,3,0,NA,3,NA,NA,2003,0
F,0.5,4,1,NA,5,NA,NA,2000,1
F,0.666666667,3,0,NA,7,NA,NA,2002,1
M,0.75,4,0,NA,4,NA,NA,2001,1
F,1,5,0,NA,5,NA,NA,2004,1
F,0.5,4,0,NA,5,1.109796,NA,2001,0
F,0.666666667,3,0,NA,8,1.109796,NA,2006,1
F,1,1,1,NA,9,1.109796,NA,2008,1
F,1,1,0,NA,10,1.109796,NA,2010,1
M,1,4,0,NA,4,NA,1.377387,2000,1
F,0,2,0,NA,3,NA,NA,1973,NA
F,0.333333333,3,0,NA,6,NA,NA,1980,0
F,0.5,7,0,NA,13,NA,NA,1996,0
F,1,4,0,NA,16,NA,NA,2002,1
M,0.75,5,0,NA,5,NA,NA,1976,1
F,0.857142857,7,0,NA,7,0.1097958,NA,2009,1
M,1,3,0,NA,3,NA,NA,2001,1
F,1,1,0,NA,2,NA,NA,1982,1
F,0.75,5,0,NA,6,NA,NA,1990,1
NA,0.666666667,6,0,NA,6,NA,NA,1984,NA
M,0.666666667,4,1,NA,5,NA,NA,1982,1
M,1,1,0,NA,6,NA,NA,1989,1
M,0.75,4,1,NA,10,NA,NA,1998,0
F,0.888888889,9,0,NA,9,2.362309,1.519807,2009,1
F,0.5,2,0,NA,2,NA,NA,2009,0
F,0.833333333,6,0,NA,6,0.5198069,1.34938,2011,1
F,1,6,0,NA,6,NA,NA,2009,1
F,0.714285714,7,0,NA,7,NA,NA,2006,1
M,0.875,8,0,NA,8,1.84938,0.5198069,2011,1
F,1,2,0,NA,2,NA,NA,1998,1
F,0.5,11,0,NA,11,NA,NA,2004,0
M,1,6,0,NA,6,0.5198069,1.822549,2008,1
F,NA,1,1,NA,2,NA,NA,1986,NA
F,1,1,0,NA,2,NA,NA,1988,1
M,0,1,1,NA,2,NA,NA,1976,0
M,0.714285714,9,1,NA,11,NA,2.585618,1996,1
F,0,1,0,NA,2,NA,NA,1977,0
F,1,4,0,NA,5,NA,NA,1984,NA
NA,0,1,0,NA,2,NA,NA,1973,0
F,0.5,2,0,NA,2,NA,1.090168,1999,1
F,1,3,1,NA,4,0.6481172,2.798154,2008,1
F,0.666666667,3,0,NA,6,0.6481172,3.213171,2011,1
F,0.833333333,6,0,NA,6,0.5198069,2.463582,2011,1
M,0,1,0,NA,2,1.168348,NA,2000,0
M,0,1,0,NA,3,1.168348,NA,2002,0
M,0.666666667,6,0,NA,8,1.168348,1.601078,2011,1
F,1,2,0,NA,2,NA,0.8263576,2000,1
F,1,2,0,NA,2,NA,0.7339003,2002,1
F,0.5,4,0,NA,5,-0.05122678,NA,2010,1
F,1,3,0,NA,3,NA,NA,2004,1
NA,1,1,0,NA,2,NA,NA,2010,1
F,0.75,8,0,NA,8,1.399439,1.363779,2011,1
F,0.888888889,9,0,NA,10,NA,NA,2010,0
M,1,3,1,NA,4,NA,NA,2009,1
F,1,6,0,NA,6,1.014402,1.524074,2010,1
F,0,1,1,NA,2,2.695602,NA,2001,0
F,1,6,0,NA,7,2.695602,0.5031592,2011,1
M,1,2,0,NA,3,3.503159,NA,1983,NA
M,0.666666667,3,0,NA,6,3.503159,NA,1990,1
M,1,3,0,NA,9,3.503159,NA,1998,1
M,0.571428571,7,0,NA,15,3.503159,NA,2011,0
M,1,2,0,NA,3,3.519807,NA,2007,1
M,1,3,0,NA,5,3.519807,1.653779,2011,1
F,0.923076923,13,0,NA,13,0.1097958,0.1097958,2010,1
F,0.666666667,3,0,NA,3,NA,2.879837,2003,0
M,0.5,2,0,NA,2,NA,NA,2002,0
F,1,3,0,NA,3,NA,NA,2005,1
M,1,2,0,NA,3,NA,NA,2006,1
M,0,1,0,NA,3,NA,NA,2010,0
M,1,1,0,NA,2,1.347735,NA,2005,1
M,1,1,1,NA,3,1.347735,NA,2007,1
M,0.333333333,3,0,NA,5,1.347735,1.116921,2011,1
M,1,4,0,NA,5,1.212249,NA,1991,1
M,0.75,4,0,NA,8,1.212249,NA,2000,1
F,0.666666667,3,0,NA,4,0.09314808,NA,2007,1
F,0.5,2,0,NA,5,0.09314808,1.409834,2009,0
F,0.666666667,9,0,NA,9,0.5198069,0.8493804,2011,1
M,0.769230769,14,0,NA,14,NA,NA,2004,0
M,1,1,0,NA,2,0.9366901,NA,2003,1
M,1,5,0,NA,6,0.9366901,0.5198069,2011,1
F,0.75,4,0,NA,4,NA,NA,2004,1
F,0.857142857,7,0,NA,7,1.453362,2.098163,2011,1
F,0.733333333,15,0,NA,15,NA,1.109796,2008,1
M,1,3,0,NA,3,NA,NA,2009,1
F,1,3,0,NA,4,1.538892,NA,2005,1
F,0.5,2,0,NA,6,1.538892,NA,2009,0
F,1,1,0,NA,6,1.538892,NA,2011,1
F,1,4,0,NA,4,NA,1.348163,2007,1
M,0.75,4,0,NA,5,2.383992,NA,2006,0
M,0.75,4,0,NA,8,2.383992,0.9700464,2011,1
F,1,4,0,NA,5,NA,NA,2008,1
F,1,2,0,NA,6,NA,0.8210461,2010,1
M,0.714285714,7,0,NA,7,NA,1.862309,2007,1
M,0.333333333,3,0,NA,4,0.01440164,NA,2003,0
M,1,1,0,NA,5,0.01440164,NA,2006,1
M,1,1,0,NA,6,0.01440164,NA,2009,1
M,0,3,0,NA,8,0.01440164,0.6009638,2011,0
M,1,5,0,NA,5,NA,NA,2004,1
M,1,1,0,NA,2,0,NA,2004,1
M,1,3,0,NA,4,0,3.277168,2011,1
M,0,1,0,NA,2,0.09314808,NA,1977,0
M,0.9,11,0,NA,12,0.09314808,NA,1997,0
M,NA,1,0,NA,2,NA,NA,1984,NA
M,0.818181818,12,0,NA,13,NA,NA,2009,1
F,1,3,0,NA,3,NA,NA,2001,1
F,0.5,4,0,NA,4,NA,NA,2004,0
M,0.833333333,6,0,NA,6,1.738147,3.149254,2011,0
F,1,2,0,NA,2,NA,3.212249,1999,1
F,0.5,6,0,NA,6,NA,NA,2007,0
F,1,2,0,NA,3,0.5198069,NA,2006,1
F,0.75,4,0,NA,6,0.5198069,0.6173666,2011,1
F,0.8,5,0,NA,5,0.6247418,0.7035849,2009,1
F,0,5,0,NA,5,NA,2.681068,2010,0
F,1,3,0,NA,4,1.448773,NA,2010,1
F,0.666666667,3,0,NA,4,1.453766,1.519807,2007,1
F,1,3,0,NA,6,1.453766,1.623425,2011,1
M,0.666666667,3,0,NA,3,3.147859,1.681068,2011,1
F,1,2,0,NA,2,NA,3.129668,2004,1
F,0.666666667,6,0,NA,6,1.093148,2.290092,2010,1
M,0.833333333,6,0,NA,7,NA,NA,1999,1
M,0,1,0,NA,7,NA,NA,2003,0
M,1,3,0,NA,3,NA,0.4366901,2006,1
M,1,2,0,NA,2,NA,2.615781,2009,1
F,1,4,1,NA,5,2.725945,2.673177,2011,1
M,0.833333333,6,0,NA,6,1.34938,0.5198069,2011,1
M,1,2,0,NA,3,NA,NA,1993,1
M,0.714285714,7,0,NA,9,NA,NA,2010,1
M,0.666666667,3,0,NA,3,NA,NA,2007,0
F,0.8,5,1,NA,6,1.474748,2.212249,2000,1
F,0.333333333,9,0,NA,14,1.474748,0.5147677,2010,0
F,0.333333333,3,0,NA,4,NA,NA,1990,0
F,1,7,0,NA,10,NA,NA,2003,1
F,1,1,0,NA,2,3.046927,NA,2008,1
F,1,2,0,NA,3,3.046927,3.450254,2010,1
F,1,2,0,NA,2,0.444433,1.255941,2008,1
F,1,3,0,NA,3,4.519807,NA,2010,1
M,1,4,0,NA,4,1.519807,2.264858,2011,1
F,0.75,4,0,NA,4,1.826436,NA,2010,1
F,1,4,0,NA,4,2.407006,2.819745,2011,1
M,0.714285714,7,0,NA,8,NA,NA,2003,0
M,1,2,1,NA,10,NA,0.5198069,2008,1
M,1,1,1,NA,11,NA,1.447584,2010,1
F,0.875,8,0,NA,8,NA,1.049124,2005,1
F,1,2,0,NA,2,NA,2.505227,2005,1
F,0.75,5,0,NA,5,NA,NA,1980,NA
F,1,8,0,NA,8,1.038892,0.647859,2010,1
F,1,4,0,NA,4,1.623425,0.1097958,2010,1
F,0.5,2,0,NA,2,NA,NA,2006,0
F,1,4,0,NA,4,0.01440164,1,2010,1
M,0.75,4,0,NA,4,0.1097958,3.109796,2010,1
M,0.6,10,0,NA,10,NA,NA,2011,1
F,0.571428571,7,0,NA,8,NA,NA,1995,1
F,0.833333333,6,0,NA,13,NA,NA,2004,1
M,0.5,4,0,NA,4,0.09314808,0.4865115,2011,0
M,0.666666667,3,0,NA,3,0.9084386,1.030794,2011,1
F,1,2,0,NA,2,3.085618,3.684725,2011,1
F,0.5,6,0,NA,7,NA,NA,1997,1
F,1,5,0,NA,12,NA,NA,2008,1
F,1,3,0,NA,3,1.668575,1.038573,2011,1
M,1,2,0,NA,2,1.948773,2.788892,2010,1
F,1,4,0,NA,4,1.159691,3.347735,2010,1
F,0.5,8,0,NA,9,2.362309,NA,2008,1
F,1,2,0,NA,10,2.362309,2.826358,2010,1
F,1,1,0,NA,2,2.862309,NA,2007,1
F,1,2,0,NA,3,2.862309,2.109796,2011,1
M,1,2,1,NA,3,NA,NA,1988,1
M,1,1,1,NA,4,NA,NA,1992,1
M,0.428571429,7,0,NA,10,NA,NA,2007,0
M,0,1,0,NA,2,NA,NA,1980,0
M,0.857142857,7,0,NA,8,NA,NA,2005,1
F,0.75,4,0,NA,4,0.1097958,1.290092,2010,1
F,1,5,0,NA,5,NA,NA,2009,1
F,0.5,2,0,NA,3,1.016508,NA,2011,1
M,1,2,0,NA,2,0.01440164,-0.005355197,2011,1
F,0,2,0,NA,3,1.190668,NA,2009,0
F,1,2,0,NA,4,1.190668,1.293171,2011,1
M,0.75,4,0,NA,4,NA,0.5198069,2011,1
F,0,1,1,NA,2,NA,NA,2007,0
F,1,1,0,NA,3,NA,NA,2009,1
F,1,1,1,NA,2,1.147859,1.110652,2007,1
F,1,1,1,NA,3,1.147859,1.173472,2009,1
F,1,1,1,NA,4,1.147859,1.195602,2010,1
M,0.666666667,3,0,NA,3,0.9700464,0.8533622,2010,1
M,0.6,5,1,NA,6,1.093148,1.204226,2008,1
M,1,1,0,NA,6,1.093148,3.090168,2011,1
F,0.5,4,0,NA,4,2.059278,0.3926112,2011,1
M,0.5,4,0,NA,5,NA,NA,1993,0
M,0.6,5,0,NA,10,NA,NA,2003,1
M,1,1,0,NA,11,NA,NA,2005,1
M,0.5,2,0,NA,12,NA,NA,2006,1
M,1,3,0,NA,3,4.190668,2.840942,2011,1
F,1,2,0,NA,2,3.109796,NA,2010,1
M,0.666666667,3,0,NA,3,0.038892,0.4502542,2011,1
F,0.909090909,11,0,NA,11,1.744696,1.759514,2011,1
F,1,2,0,NA,2,1.347735,0.4965845,2010,1
F,0.5,2,0,NA,2,1.290092,1.750438,2009,1
F,1,2,0,NA,2,0.6110794,2.109796,2010,1
M,0,1,0,NA,2,NA,NA,1970,0
M,NA,1,0,NA,3,NA,NA,1973,NA
M,1,9,0,NA,11,NA,NA,1991,1
M,0,1,0,NA,2,NA,NA,1994,0
M,1,3,0,NA,5,NA,NA,2001,1
M,1,3,0,NA,7,NA,NA,2011,1
M,1,2,0,NA,2,4.519807,NA,2010,1
M,1,2,0,NA,2,2.821046,NA,2010,1
F,1,2,0,NA,2,1.247322,1.404814,2011,1
M,0.5,2,0,NA,2,2.359329,0.9868966,2011,1
F,0.777777778,9,0,NA,9,1.819745,0.5198069,2010,1
F,0,2,0,NA,2,1.192671,2.116921,2011,0
M,0.846153846,13,0,NA,13,NA,1.867457,2009,1
F,1,2,0,NA,2,2.546936,0.6481172,2011,1
NA,0,1,0,NA,2,0.8798374,NA,2011,0
F,1,1,0,NA,2,NA,NA,1973,1
F,0,3,0,NA,4,NA,NA,1976,0
NA,0,2,0,NA,2,NA,NA,1970,0
F,0,3,0,NA,3,NA,NA,1975,0
F,0.333333333,7,0,NA,8,NA,NA,1987,NA
F,1,1,1,NA,2,NA,NA,1971,1
F,0.6,6,0,NA,7,NA,NA,1983,1
NA,1,2,0,NA,2,NA,NA,1972,NA
F,0.625,8,0,NA,9,NA,NA,1988,0
NA,NA,1,0,NA,2,NA,NA,1972,NA
NA,0.333333333,3,0,NA,4,NA,NA,1974,1
F,1,5,0,NA,5,NA,NA,1981,1
M,1,1,0,NA,2,NA,NA,1969,1
M,0.333333333,9,0,NA,10,NA,NA,1986,1
NA,0,2,0,NA,3,NA,NA,1974,0
F,1,1,0,NA,2,NA,NA,1970,1
F,1,6,0,NA,7,NA,NA,1985,1
M,0.333333333,3,0,NA,3,NA,NA,1990,1
NA,0,1,1,NA,2,NA,NA,1975,0
NA,0.75,7,0,NA,7,NA,NA,1984,NA
NA,1,3,0,NA,3,NA,NA,1976,1
M,1,3,0,NA,3,NA,NA,1973,NA
F,0.8,5,0,NA,6,NA,NA,1985,1
F,1,3,0,NA,9,NA,NA,1994,1
F,1,1,0,NA,10,NA,NA,1996,1
F,1,1,0,NA,11,NA,NA,1998,1
F,0.571428571,8,0,NA,8,NA,NA,1985,0
M,1,3,0,NA,3,NA,NA,1991,1
M,0.5,7,0,NA,7,NA,NA,1989,0
M,NA,1,0,NA,2,NA,NA,1985,NA
M,0.5,2,0,NA,3,NA,NA,1987,0
M,1,1,0,NA,2,NA,NA,1986,1
M,1,3,0,NA,4,NA,NA,1990,1
M,0,1,0,NA,2,NA,NA,1976,0
M,1,2,0,NA,2,NA,NA,1974,1
F,0,3,0,NA,3,NA,NA,1988,0
F,1,1,0,NA,2,NA,NA,1972,1
F,1,3,0,NA,5,NA,NA,1983,1
F,0.666666667,3,0,NA,8,NA,NA,1990,0
F,1,3,0,NA,10,NA,NA,1994,1
F,1,3,0,NA,3,NA,NA,1994,1
F,1,2,1,NA,3,NA,NA,1989,1
M,1,3,0,NA,3,NA,NA,1982,1
F,1,1,0,NA,2,NA,NA,1974,1
F,0.8,6,0,NA,7,NA,NA,1986,1
M,1,3,0,NA,3,NA,NA,1973,NA
M,0,1,0,NA,2,NA,NA,1981,0
F,1,3,0,NA,4,NA,NA,1985,1
F,1,1,0,NA,5,NA,NA,1988,1
F,0.75,8,0,NA,12,NA,NA,2002,1
F,0.666666667,5,0,NA,6,NA,NA,1987,NA
F,0.5,2,0,NA,7,NA,NA,1989,1
F,0,1,0,NA,2,NA,NA,1977,0
F,1,1,1,NA,3,NA,NA,1979,1
F,NA,1,0,NA,2,NA,NA,1973,NA
NA,1,2,0,NA,2,NA,NA,1976,1
M,0.666666667,5,0,NA,6,NA,NA,1988,0
M,0.9,10,0,NA,15,NA,NA,2004,1
M,1,2,0,NA,2,NA,NA,1981,NA
F,1,3,0,NA,3,NA,NA,1984,1
F,1,1,0,NA,2,NA,NA,1982,1
F,1,3,1,NA,5,NA,NA,1989,1
F,1,3,0,NA,7,NA,NA,1995,1
M,1,7,0,NA,7,NA,NA,1991,1
F,0.666666667,3,1,NA,4,NA,NA,1991,0
F,0.6,5,0,NA,8,NA,NA,1999,1
F,0.8,5,0,NA,5,NA,NA,1985,1
M,0.666666667,3,0,NA,3,NA,NA,1987,0
NA,0,2,0,NA,2,NA,NA,1982,0
M,0.25,5,0,NA,5,NA,NA,1991,0
M,0,2,0,NA,2,NA,NA,1984,0
M,0.857142857,8,0,NA,8,NA,NA,1994,1
NA,1,2,0,NA,2,NA,NA,1982,1
M,NA,1,0,NA,2,NA,NA,1982,NA
M,1,1,0,NA,3,NA,NA,1989,1
M,1,3,0,NA,5,NA,NA,1993,1
M,1,2,0,NA,3,NA,NA,1986,NA
M,1,2,0,NA,4,NA,NA,1991,1
M,0.666666667,7,0,NA,7,0.6481172,NA,1989,0
M,1,2,0,NA,3,NA,NA,1991,1
M,0.666666667,3,0,NA,6,NA,NA,1998,1
M,0,1,0,NA,6,NA,NA,2008,0
M,NA,1,0,NA,2,NA,NA,1986,NA
M,1,1,0,NA,3,NA,NA,1989,1
M,0.727272727,11,0,NA,13,NA,1.684725,2007,0
F,1,3,0,NA,4,NA,NA,1987,1
F,1,1,0,NA,5,NA,NA,1990,1
F,0.666666667,6,0,NA,10,NA,NA,1999,0
M,0.666666667,5,0,NA,5,NA,NA,1987,1
F,1,2,0,NA,2,NA,NA,1980,1
M,0,2,0,NA,3,NA,NA,1984,NA
M,0.333333333,6,0,NA,8,NA,NA,1990,1
F,0.5,4,0,NA,4,NA,NA,1982,NA
F,1,4,0,NA,4,NA,NA,1984,NA
F,1,3,0,NA,3,NA,NA,1980,NA
F,1,3,0,NA,3,NA,NA,1986,1
M,0.714285714,7,0,NA,7,NA,NA,1996,1
F,1,7,0,NA,7,NA,NA,1993,1
M,0.6,5,0,NA,5,NA,NA,1995,1
M,0.428571429,8,0,NA,9,NA,NA,1995,0
M,1,5,0,NA,13,NA,1.448773,2005,1
M,1,2,0,NA,2,NA,3.503159,1979,NA
M,1,3,0,NA,4,NA,NA,1990,1
M,1,4,0,NA,8,NA,NA,2001,1
M,0.666666667,3,0,NA,10,NA,NA,2004,1
NA,0,1,0,NA,2,NA,NA,1990,0
F,NA,1,0,NA,2,NA,NA,1980,NA
F,1,3,0,NA,5,NA,NA,1986,1
F,1,2,1,NA,7,NA,NA,1990,1
F,1,3,0,NA,9,NA,3.503159,1994,1
M,NA,1,1,NA,2,NA,NA,1980,NA
M,0.8,6,0,NA,7,NA,NA,1996,1
M,NA,1,1,NA,2,NA,NA,1988,NA
M,0.428571429,7,0,NA,8,NA,NA,1992,1
M,0.666666667,3,0,NA,11,NA,NA,2002,1
M,1,1,0,NA,11,NA,1.224748,2008,1
F,NA,1,1,NA,2,NA,NA,1998,NA
F,1,2,0,NA,2,NA,NA,1984,NA
F,0.8,5,0,NA,5,NA,NA,1994,0
M,1,2,0,NA,2,NA,NA,1985,1
F,0,2,0,NA,2,NA,NA,1979,NA
M,1,2,0,NA,2,NA,NA,1979,NA
M,NA,2,0,NA,3,NA,NA,1981,NA
M,0.5,2,0,NA,4,NA,NA,1982,1
M,1,4,0,NA,5,NA,NA,1986,1
M,0.8,10,0,NA,14,NA,0.5198069,2003,1
M,0.666666667,3,0,NA,4,NA,NA,1991,0
M,1,1,0,NA,5,NA,NA,1999,1
NA,1,4,0,NA,4,NA,NA,1983,1
M,0.6,5,0,NA,5,NA,NA,2005,0
F,0,2,0,NA,2,NA,NA,1982,NA
M,1,6,0,NA,6,NA,NA,1993,1
M,1,2,0,NA,2,NA,NA,1987,1
M,0.8,10,0,NA,10,NA,NA,2008,0
M,0.714285714,7,0,NA,7,NA,NA,1999,1
F,0.5,2,0,NA,2,NA,NA,1971,0
NA,0.5,2,0,NA,2,NA,NA,1970,0
F,NA,1,0,NA,2,NA,NA,1982,NA
F,1,2,0,NA,3,NA,NA,1984,1
F,0.5,5,0,NA,5,NA,NA,1983,1
M,1,4,0,NA,5,NA,NA,1998,NA
M,0,1,0,NA,5,NA,NA,2011,0
F,1,1,1,NA,2,NA,NA,1981,1
F,NA,1,0,NA,3,NA,NA,1986,NA
F,0.8,5,0,NA,7,NA,NA,1995,1
M,0.8,5,0,NA,5,NA,NA,1989,1
F,0.5,3,0,NA,3,NA,NA,1982,1
M,1,1,0,NA,2,NA,NA,1984,1
F,1,1,0,NA,2,NA,NA,1981,1
NA,1,2,0,NA,2,NA,NA,1972,1
F,0.8,5,0,NA,6,NA,NA,1992,1
F,1,6,0,NA,6,NA,NA,1990,1
F,0.666666667,9,0,NA,10,NA,NA,1992,1
M,0,2,0,NA,2,NA,NA,2002,0
F,0.333333333,4,0,NA,4,NA,NA,1986,0
F,NA,1,0,NA,2,NA,NA,1983,NA
F,0,1,0,NA,3,NA,NA,1986,0
F,0.6,5,0,NA,7,NA,NA,1993,1
F,0.666666667,6,0,NA,6,NA,NA,1994,1
F,0,4,0,NA,4,NA,NA,1987,0
M,1,1,0,NA,2,NA,NA,1987,1
M,0.5,2,0,NA,4,NA,NA,1998,1
M,0.5,2,0,NA,5,NA,NA,2004,0
F,1,1,0,NA,2,NA,NA,1969,1
F,0.666666667,5,0,NA,6,NA,NA,1977,0
F,0.666666667,3,0,NA,3,NA,NA,1988,1
M,0.333333333,4,0,NA,5,NA,NA,1986,0
M,1,1,0,NA,6,NA,NA,1993,1
M,1,1,0,NA,6,NA,NA,2005,1
F,1,3,0,NA,3,NA,NA,1986,1
F,0.5,3,0,NA,3,NA,-0.05122678,1988,0
F,1,2,0,NA,3,NA,NA,1985,1
F,0.666666667,3,0,NA,5,NA,NA,1988,1
M,0.714285714,7,0,NA,8,NA,NA,2002,1
M,0,1,0,NA,8,NA,NA,2005,0
F,1,2,0,NA,2,NA,NA,1991,1
F,0,1,0,NA,2,NA,NA,1995,0
F,0.5,2,0,NA,3,NA,NA,1996,1
F,1,1,0,NA,2,NA,NA,1996,1
F,0.5,2,1,NA,4,NA,NA,1999,1
F,0.5,4,0,NA,4,NA,NA,1998,1
NA,1,2,0,NA,2,NA,NA,1970,NA
NA,1,1,1,NA,2,NA,NA,1971,1
NA,0.5,2,0,NA,4,NA,NA,1975,1
M,0.666666667,3,0,NA,4,NA,NA,1972,1
M,1,2,0,NA,5,NA,NA,1974,1
F,1,1,0,NA,2,NA,NA,1970,1
F,0,1,0,NA,3,NA,NA,1973,0
F,1,1,0,NA,4,NA,NA,1981,1
F,0,2,0,NA,5,NA,NA,1983,0
NA,1,4,0,NA,4,NA,NA,1974,1
NA,0.5,3,0,NA,3,NA,NA,1972,1
NA,1,2,0,NA,2,NA,NA,1971,1
NA,0,1,0,NA,2,NA,NA,1968,0
NA,0.333333333,3,0,NA,4,NA,NA,1971,0
NA,1,3,0,NA,3,NA,NA,1970,NA
M,NA,1,0,NA,2,NA,NA,1973,NA
F,1,2,0,NA,3,NA,NA,1972,1
F,1,4,0,NA,7,NA,NA,1984,NA
F,1,4,0,NA,10,NA,NA,1990,1
F,1,1,1,NA,2,NA,NA,1969,1
F,0.666666667,3,0,NA,4,NA,NA,1984,1
NA,NA,1,0,NA,2,NA,NA,1983,NA
NA,NA,1,0,NA,2,NA,NA,1984,NA
M,1,4,0,NA,5,NA,NA,1980,1
NA,0.666666667,3,0,NA,3,NA,NA,1969,1
M,1,1,0,NA,2,NA,NA,1972,1
M,1,1,0,NA,3,NA,NA,1975,1
M,0,1,0,NA,3,NA,NA,1988,0
M,1,2,0,NA,2,NA,NA,1968,1
NA,1,2,0,NA,2,NA,NA,1968,1
M,0.666666667,3,1,NA,4,NA,NA,1975,1
M,1,1,1,NA,2,NA,NA,1970,1
M,1,3,0,NA,4,NA,NA,1975,1
M,1,1,1,NA,2,NA,NA,1968,1
F,1,3,0,NA,3,NA,NA,1971,1
M,1,2,0,NA,3,NA,NA,1972,1
M,0,2,0,NA,4,NA,NA,1973,NA
NA,0.6,6,0,NA,6,NA,NA,1976,0
F,0.5,2,0,NA,2,NA,NA,1970,1
M,0.5,2,0,NA,2,NA,NA,1970,1
F,0.333333333,4,0,NA,4,NA,NA,1977,0
M,0,3,0,NA,4,NA,NA,1980,0
M,NA,1,0,NA,5,NA,NA,1984,NA
M,NA,1,0,NA,5,NA,NA,2000,NA
M,0.8,6,0,NA,6,NA,NA,1979,NA
M,1,1,0,NA,2,NA,NA,1969,1
M,1,1,0,NA,3,NA,NA,1973,1
M,1,3,0,NA,3,NA,NA,1973,NA
F,1,3,0,NA,3,NA,NA,1973,NA
M,1,2,0,NA,3,NA,NA,1972,1
M,1,2,0,NA,5,NA,NA,1977,1
M,0.75,5,0,NA,9,NA,NA,1985,1
NA,1,2,0,NA,2,NA,NA,1973,NA
M,1,1,0,NA,2,NA,NA,1975,1
M,1,2,0,NA,3,NA,NA,1977,1
M,1,2,0,NA,2,NA,NA,1972,1
F,0.75,4,0,NA,4,NA,NA,1974,1
M,1,1,1,NA,2,NA,NA,1970,1
M,1,3,0,NA,3,NA,NA,1976,1
M,1,1,1,NA,2,NA,NA,1969,1
M,0.5,4,0,NA,6,NA,NA,1977,NA
M,1,6,0,NA,6,NA,NA,1979,NA
F,1,1,0,NA,2,NA,NA,1982,1
F,1,1,0,NA,3,NA,NA,1987,1
F,0.75,4,0,NA,6,NA,NA,1992,1
M,1,1,1,NA,2,NA,NA,1970,1
M,1,2,0,NA,3,NA,NA,1972,1
M,1,3,0,NA,3,NA,NA,1976,1
M,0,3,0,NA,3,NA,NA,1974,0
F,0.833333333,9,0,NA,10,NA,NA,1990,1
F,1,3,0,NA,4,NA,NA,1977,1
M,0,1,0,NA,2,NA,NA,1977,0
M,1,1,0,NA,2,NA,NA,1984,1
F,1,2,0,NA,2,NA,NA,1968,1
M,1,2,0,NA,3,NA,NA,1971,1
M,0.666666667,3,0,NA,5,NA,NA,1987,1
NA,1,2,0,NA,2,NA,NA,1968,1
NA,NA,3,0,NA,3,NA,NA,1970,NA
F,1,1,1,NA,2,NA,NA,1968,1
M,1,2,0,NA,2,NA,NA,1971,1
M,0,1,0,NA,2,NA,NA,1969,0
M,0,2,0,NA,3,NA,NA,1970,NA
M,1,2,0,NA,3,NA,NA,1972,1
M,1,3,0,NA,5,NA,NA,1976,1
NA,1,1,0,NA,2,NA,NA,1980,1
NA,0.5,2,0,NA,2,NA,NA,1970,0
F,1,2,0,NA,2,NA,NA,1968,1
F,1,2,0,NA,3,NA,NA,1975,1
F,0,5,0,NA,8,NA,NA,1987,0
F,1,1,0,NA,9,NA,NA,1990,1
F,1,2,0,NA,10,NA,NA,1995,1
F,NA,1,0,NA,2,NA,NA,1975,NA
M,0.875,10,0,NA,10,NA,NA,1994,1
NA,0.5,2,0,NA,2,NA,NA,1972,1
F,0,2,0,NA,2,NA,NA,1970,0
F,0.666666667,3,0,NA,3,NA,NA,1974,1
M,0.666666667,5,0,NA,5,NA,NA,1977,0
F,0.666666667,5,0,NA,5,NA,NA,1985,0
NA,1,2,0,NA,2,NA,NA,1975,NA
NA,1,1,0,NA,2,NA,NA,1971,1
NA,0.5,2,0,NA,3,NA,NA,1972,1
F,NA,2,0,NA,2,NA,NA,1973,NA
NA,0.5,2,0,NA,3,NA,NA,1974,1
NA,1,1,0,NA,4,NA,NA,1977,1
NA,1,3,0,NA,3,NA,NA,1973,NA
NA,0.5,3,0,NA,3,NA,NA,1972,1
NA,0.666666667,3,0,NA,3,NA,NA,1972,1
M,0.5,3,0,NA,4,NA,NA,1976,1
M,0.5,2,0,NA,5,NA,NA,1985,0
F,NA,1,1,NA,2,NA,NA,1978,NA
NA,1,2,0,NA,2,NA,NA,1974,1
NA,0,2,0,NA,2,NA,NA,1973,0